Peptide_Sequence;Prot_Name;Clean_PTM;Accession;Peptide;PTM_Cluster
LNEYNQLQLQAAHAQEQIR;P47710;dHex Hex(2) HexNAc(2) Pent;P47710|CASA1_HUMAN:P47710-3|CASA1_HUMAN;LN(+1008.36)EYNQLQLQAAHAQEQIR;Fucosylated
LNEYNQLQLQAAHAQEQIR;P47710;dHex Hex(2) HexNAc(2) Pent;P47710|CASA1_HUMAN:P47710-3|CASA1_HUMAN;LN(+1008.36)EYNQLQLQAAHAQEQIR;Fucosylated
STDYGIFQINSR;P61626;Hex HexNAc NeuAc NeuGc;P61626|LYSC_HUMAN;S(+963.32)TDYGIFQINSR;Sialylated
STDYGIFQINSR;P61626;Hex HexNAc NeuAc NeuGc;P61626|LYSC_HUMAN;S(+963.32)TDYGIFQINSR;Sialylated
STDYGIFQINSR;P61626;Hex HexNAc NeuAc NeuGc;P61626|LYSC_HUMAN;S(+963.32)TDYGIFQINSR;Sialylated
STDYGIFQINSR;P61626;Hex HexNAc NeuAc NeuGc;P61626|LYSC_HUMAN;S(+963.32)TDYGIFQINSR;Sialylated
IPGLLSPHPLLQLSYTATDR;P49327;Hex(4) Phos;P49327|FAS_HUMAN;IPGLLS(+728.18)PHPLLQLSYTATDR;Other
IPGLLSPHPLLQLSYTATDR;P49327;Hex(4) Phos;P49327|FAS_HUMAN;IPGLLS(+728.18)PHPLLQLSYTATDR;Other
LQNPSESSEPIPLESR;P47710;Hex HexNAc(2) NeuAc(2);P47710|CASA1_HUMAN:P47710-3|CASA1_HUMAN;LQNPS(+1150.40)ESSEPIPLESR;Sialylated
SPTIPFFDPQIPK;P05814;HexNAc NeuAc;P05814|CASB_HUMAN;SPT(+494.17)IPFFDPQIPK;Sialylated
EKQTDEIKDTR;P47710;dHex Hex(2) HexNAc;P47710|CASA1_HUMAN;EKQTDEIKDT(+673.24)R;Fucosylated
QYLPNSHPPTVVR;P07498;Hex1HexNAc1;P07498|CASK_HUMAN;QYLPN(+365.13)SHPPTVVR;Oligomannose
QYLPNSHPPTVVR;P07498;Hex1HexNAc1;P07498|CASK_HUMAN;QYLPN(+365.13)SHPPTVVR;Oligomannose
RSDTSLTWNSVK;P02788;Phosphoglycosyl-D-mannose-1-phosphoryl;P02788|TRFL_HUMAN;RSDTSLTWNS(+242.02)VK;Other
RSDTSLTWNSVK;P02788;Phosphoglycosyl-D-mannose-1-phosphoryl;P02788|TRFL_HUMAN;RSDTSLTWNS(+242.02)VK;Other
LQNPSESSEPIPLESR;P47710;Hex HexNAc(3) NeuGc;P47710|CASA1_HUMAN:P47710-3|CASA1_HUMAN;LQNPSES(+1078.38)SEPIPLESR;Sialylated
LQNPSESSEPIPLESR;P47710;Hex HexNAc(3) NeuAc;P47710|CASA1_HUMAN:P47710-3|CASA1_HUMAN;LQNPS(+1062.39)ESSEPIPLESR;Sialylated
LQNPSESSEPIPLESR;P47710;Hex HexNAc(3) NeuGc;P47710|CASA1_HUMAN:P47710-3|CASA1_HUMAN;LQNPSESS(+1078.38)EPIPLESR;Sialylated
LQNPSESSEPIPLESR;P47710;Hex HexNAc(3) NeuGc;P47710|CASA1_HUMAN:P47710-3|CASA1_HUMAN;LQNPS(+1078.38)ESSEPIPLESR;Sialylated
LQNPSESSEPIPLESR;P47710;Hex HexNAc(3) NeuGc;P47710|CASA1_HUMAN:P47710-3|CASA1_HUMAN;LQNPS(+1078.38)ESSEPIPLESR;Sialylated
LQNPSESSEPIPLESR;P47710;Hex HexNAc(3) NeuGc;P47710|CASA1_HUMAN:P47710-3|CASA1_HUMAN;LQNPS(+1078.38)ESSEPIPLESR;Sialylated
SPTIPFFDPQIPK;P05814;dHex(2) Hex(2) HexA HexNAc;P05814|CASB_HUMAN;SPT(+995.33)IPFFDPQIPK;Fucosylated
IDSGLYLGSGYFTAIQNLR;P02788;Hex1HexNAc1dHex1;P02788|TRFL_HUMAN;IDSGLYLGS(+511.19)GYFTAIQNLR;Fucosylated
QYLPNSHPPTVVR;P07498;Hex2HexNAc2;P07498|CASK_HUMAN;QYLPN(+730.26)SHPPTVVR;Oligomannose
AATVGSLAGQPLQER;P02649;Hex1HexNAc1NeuAc1;P02649|APOE_HUMAN;AAT(+656.23)VGSLAGQPLQER;Sialylated
QTDEIKDTR;P47710;Hex Pent;P47710|CASA1_HUMAN;QT(+294.10)DEIKDTR;Other
LQNPSESSEPIPLESR;P47710;Hex HexNAc NeuAc(3);P47710|CASA1_HUMAN:P47710-3|CASA1_HUMAN;LQNPSESSEPIPLES(+1238.42)R;Sialylated
LQNPSESSEPIPLESR;P47710;Hex HexNAc NeuAc(3);P47710|CASA1_HUMAN:P47710-3|CASA1_HUMAN;LQNPSESSEPIPLES(+1238.42)R;Sialylated
LQNPSESSEPIPLESR;P47710;Hex HexNAc NeuAc(3);P47710|CASA1_HUMAN:P47710-3|CASA1_HUMAN;LQNPSESSEPIPLES(+1238.42)R;Sialylated
LQNPSESSEPIPLESR;P47710;Hex HexNAc NeuAc(3);P47710|CASA1_HUMAN:P47710-3|CASA1_HUMAN;LQNPSESSEPIPLES(+1238.42)R;Sialylated
LQNPSESSEPIPLESR;P47710;Hex HexNAc NeuAc(3);P47710|CASA1_HUMAN:P47710-3|CASA1_HUMAN;LQNPSESSEPIPLES(+1238.42)R;Sialylated
NILREKQTDEIKDTR;P47710;dHex Hex(2) HexNAc;P47710|CASA1_HUMAN;NILREKQTDEIKDT(+673.24)R;Fucosylated
SEEEVAAR;P02788;Hex(2) HexNAc;P02788|TRFL_HUMAN;S(+527.18)EEEVAAR;Oligomannose
SEEEVAAR;P02788;Hex(2) HexNAc;P02788|TRFL_HUMAN;S(+527.18)EEEVAAR;Oligomannose
SPTIPFFDPQIPK;P05814;Hex2HexNAc2;P05814|CASB_HUMAN;S(+730.26)PTIPFFDPQIPK;Oligomannose
VMPVLKSPTIPFFDPQIPK;P05814;Heptose;P05814|CASB_HUMAN;VMPVLK(+192.06)S(+192.06)PTIPFFDPQIPK;Other
YPERLQNPSESSEPIPLESR;P47710;dHex(2) Hex(4);P47710|CASA1_HUMAN:P47710-3|CASA1_HUMAN;YPERLQNPS(+940.33)ESSEPIPLESR;Fucosylated
YPERLQNPSESSEPIPLESR;P47710;dHex(2) Hex(4);P47710|CASA1_HUMAN:P47710-3|CASA1_HUMAN;YPERLQNPS(+940.33)ESSEPIPLESR;Fucosylated
YPERLQNPSESSEPIPLESR;P47710;dHex(2) Hex(4);P47710|CASA1_HUMAN:P47710-3|CASA1_HUMAN;YPERLQNPS(+940.33)ESSEPIPLESR;Fucosylated
TYYANPAVVRPHAQIPQR;P07498;dHex HexNAc(3);P07498|CASK_HUMAN;T(+755.30)YYANPAVVRPHAQIPQR;Fucosylated
LQNPSESSEPIPLESR;P47710;Hex(3) HexNAc(2) NeuAc(2);P47710|CASA1_HUMAN:P47710-3|CASA1_HUMAN;LQNPSESSEPIPLES(+1474.51)R;Sialylated
LQNPSESSEPIPLESR;P47710;dHex Hex HexNAc(2) NeuAc(2);P47710|CASA1_HUMAN:P47710-3|CASA1_HUMAN;LQNPSESSEPIPLES(+1296.46)R;Fucosialylated
LQNPSESSEPIPLESR;P47710;dHex Hex HexNAc(2) NeuAc(2);P47710|CASA1_HUMAN:P47710-3|CASA1_HUMAN;LQNPSESSEPIPLES(+1296.46)R;Fucosialylated
LQNPSESSEPIPLESR;P47710;dHex Hex HexNAc(2) NeuAc(2);P47710|CASA1_HUMAN:P47710-3|CASA1_HUMAN;LQNPSESSEPIPLES(+1296.46)R;Fucosialylated
STDYGIFQINSR;P61626;dHex(2) Hex(2) HexNAc(2);P61626|LYSC_HUMAN;S(+1022.38)TDYGIFQINSR;Fucosylated
ETIESLSSSEESITEYKQKVEK;P05814;Hex(3) HexNAc(5);P05814|CASB_HUMAN;ETIES(+1501.56)LSSSEESITEYKQKVEK;Oligomannose
STDYGIFQINSR;P61626;Hex HexNAc NeuAc NeuGc;P61626|LYSC_HUMAN;ST(+963.32)DYGIFQINSR;Sialylated
GAVQSGVDKTK;O60664;Hex2HexNAc2;O60664|PLIN3_HUMAN;GAVQSGVDKT(+730.26)K;Oligomannose
SPTIPFFDPQIPK;P05814;Hex HexNAc NeuGc;P05814|CASB_HUMAN;S(+672.22)PTIPFFDPQIPK;Sialylated
QTDEIKDTR;P47710;Hex(5);P47710|CASA1_HUMAN;QT(+810.26)DEIKDTR;Other
QTDEIKDTR;P47710;Hex(5);P47710|CASA1_HUMAN;QT(+810.26)DEIKDTR;Other
SPTIPFFDPQIPK;P05814;dHex(2) Hex(2) HexA HexNAc;P05814|CASB_HUMAN;S(+995.33)PTIPFFDPQIPK;Fucosylated
LQNPSESSEPIPLESR;P47710;dHex Hex(3) HexNAc(2);P47710|CASA1_HUMAN:P47710-3|CASA1_HUMAN;LQN(+1038.38)PSESSEPIPLESR;Fucosylated
GRVMPVLKSPTIPFFDPQIPK;P05814;Hex(2) HexNAc Sulf;P05814|CASB_HUMAN;GRVMPVLKS(+607.14)PTIPFFDPQIPK;Oligomannose
EVSDSLLTSSK;Q99541;Hex(4) HexNAc(4) NeuAc;Q99541|PLIN2_HUMAN;EVS(+1751.62)DSLLTSSK;Sialylated
EDAIWNLLR;P02788;Hexosamine;P02788|TRFL_HUMAN;EDAIW(+161.07)NLLR;Other
YPERLQNPSESSEPIPLESR;P47710;Hex2 dHex2;P47710|CASA1_HUMAN:P47710-3|CASA1_HUMAN;YPERLQNPSESS(+616.22)EPIPLESR;Fucosylated
SPTIPFFDPQIPK;P05814;dHex(2) Hex(3);P05814|CASB_HUMAN;S(+778.27)PTIPFFDPQIPK;Fucosylated
SPTIPFFDPQIPK;P05814;dHex Hex(2) HexNAc;P05814|CASB_HUMAN;S(+673.24)PTIPFFDPQIPK;Fucosylated
LNEYNQLQLQAAHAQEQIR;P47710;Hex1HexNAc1NeuAc2;P47710|CASA1_HUMAN:P47710-3|CASA1_HUMAN;LNEYN(+947.32)QLQLQAAHAQEQIR;Sialylated
LQNPSESSEPIPLESR;P47710;dHex(2) Hex(2) HexNAc(2) Sulf(2);P47710|CASA1_HUMAN:P47710-3|CASA1_HUMAN;LQNPSESSEPIPLES(+1182.29)R;Fucosylated
LQNPSESSEPIPLESR;P47710;dHex(2) Hex(2) HexNAc(2) Sulf(2);P47710|CASA1_HUMAN:P47710-3|CASA1_HUMAN;LQNPSESSEPIPLES(+1182.29)R;Fucosylated
LQNPSESSEPIPLESR;P47710;Hex HexNAc(3) NeuAc(2);P47710|CASA1_HUMAN:P47710-3|CASA1_HUMAN;LQNPSESSEPIPLES(+1353.48)R;Sialylated
KVIFCSREK;P06858;Hex(2) HexNAc;P06858|LIPL_HUMAN;KVIFCS(+527.18)REK;Oligomannose
LEPQIASASEYAHR;O60664;Hex HexNAc dHex Me;O60664|PLIN3_HUMAN;LEPQIAS(+525.21)ASEYAHR;Fucosylated
DSAIGFSR;P02788;dHex Hex(2) HexNAc;P02788|TRFL_HUMAN;DS(+673.24)AIGFSR;Fucosylated
GGSGGGGGGSSGGR;P04264;Hexose (NSY);P04264|K2C1_HUMAN;GGSGGGGGGS(+162.05)SGGR;Other
TLTAAAVSGAQPILSK;O60664;dHex Hex HexNAc Kdn;O60664|PLIN3_HUMAN;T(+761.26)LTAAAVSGAQPILSK;Fucosialylated
LPLRYPERLQNPSESSEPIPLESR;P47710;Hex HexNAc NeuAc(3);P47710|CASA1_HUMAN:P47710-3|CASA1_HUMAN;LPLRYPERLQNPSESSEPIPLES(+1238.42)R;Sialylated
SSMFQVR;P16671;Hex HexNAc(2) NeuAc;P16671|CD36_HUMAN;S(+859.31)SMFQVR;Sialylated
YPERLQNPSESSEPIPLESR;P47710;Hex2 dHex2;P47710|CASA1_HUMAN:P47710-3|CASA1_HUMAN;YPERLQNPS(+616.22)ESSEPIPLESR;Fucosylated
SPTIPFFDPQIPK;P05814;Hex(3) HexNAc;P05814|CASB_HUMAN;S(+689.24)PTIPFFDPQIPK;Oligomannose
