Peptide_Sequence;Prot_Name;PTM;Accession;Peptide;PTM_Cluster
LNEYNQLQLQAAHAQEQIR;P47710;dHex Hex(2) HexNAc(2) Pent;P47710|CASA1_HUMAN:P47710-3|CASA1_HUMAN;LN(+1008.36)EYNQLQLQAAHAQEQIR;Fucosylated
LNEYNQLQLQAAHAQEQIR;P47710;dHex Hex(2) HexNAc(2) Pent;P47710|CASA1_HUMAN:P47710-3|CASA1_HUMAN;LN(+1008.36)EYNQLQLQAAHAQEQIR;Fucosylated
STDYGIFQINSR;P61626;Hex HexNAc NeuAc NeuGc;P61626|LYSC_HUMAN;S(+963.32)TDYGIFQINSR;Sialylated
STDYGIFQINSR;P61626;Hex HexNAc NeuAc NeuGc;P61626|LYSC_HUMAN;S(+963.32)TDYGIFQINSR;Sialylated
STDYGIFQINSR;P61626;Hex HexNAc NeuAc NeuGc;P61626|LYSC_HUMAN;S(+963.32)TDYGIFQINSR;Sialylated
STDYGIFQINSR;P61626;Hex HexNAc NeuAc NeuGc;P61626|LYSC_HUMAN;S(+963.32)TDYGIFQINSR;Sialylated
IPGLLSPHPLLQLSYTATDR;P49327;Hex(4) Phos;P49327|FAS_HUMAN;IPGLLS(+728.18)PHPLLQLSYTATDR;Other
IPGLLSPHPLLQLSYTATDR;P49327;Hex(4) Phos;P49327|FAS_HUMAN;IPGLLS(+728.18)PHPLLQLSYTATDR;Other
LQNPSESSEPIPLESR;P47710;Hex HexNAc(2) NeuAc(2);P47710|CASA1_HUMAN:P47710-3|CASA1_HUMAN;LQNPS(+1150.40)ESSEPIPLESR;Sialylated
SPTIPFFDPQIPK;P05814;HexNAc NeuAc;P05814|CASB_HUMAN;SPT(+494.17)IPFFDPQIPK;Sialylated
EKQTDEIKDTR;P47710;dHex Hex(2) HexNAc;P47710|CASA1_HUMAN;EKQTDEIKDT(+673.24)R;Fucosylated
QYLPNSHPPTVVR;P07498;Hex1HexNAc1;P07498|CASK_HUMAN;QYLPN(+365.13)SHPPTVVR;Oligomannose
QYLPNSHPPTVVR;P07498;Hex1HexNAc1;P07498|CASK_HUMAN;QYLPN(+365.13)SHPPTVVR;Oligomannose
RSDTSLTWNSVK;P02788;Phosphoglycosyl-D-mannose-1-phosphoryl;P02788|TRFL_HUMAN;RSDTSLTWNS(+242.02)VK;Other
RSDTSLTWNSVK;P02788;Phosphoglycosyl-D-mannose-1-phosphoryl;P02788|TRFL_HUMAN;RSDTSLTWNS(+242.02)VK;Other
LQNPSESSEPIPLESR;P47710;Hex HexNAc(3) NeuGc;P47710|CASA1_HUMAN:P47710-3|CASA1_HUMAN;LQNPSES(+1078.38)SEPIPLESR;Sialylated
LQNPSESSEPIPLESR;P47710;Hex HexNAc(3) NeuAc;P47710|CASA1_HUMAN:P47710-3|CASA1_HUMAN;LQNPS(+1062.39)ESSEPIPLESR;Sialylated
LQNPSESSEPIPLESR;P47710;Hex HexNAc(3) NeuGc;P47710|CASA1_HUMAN:P47710-3|CASA1_HUMAN;LQNPSESS(+1078.38)EPIPLESR;Sialylated
LQNPSESSEPIPLESR;P47710;Hex HexNAc(3) NeuGc;P47710|CASA1_HUMAN:P47710-3|CASA1_HUMAN;LQNPS(+1078.38)ESSEPIPLESR;Sialylated
LQNPSESSEPIPLESR;P47710;Hex HexNAc(3) NeuGc;P47710|CASA1_HUMAN:P47710-3|CASA1_HUMAN;LQNPS(+1078.38)ESSEPIPLESR;Sialylated
LQNPSESSEPIPLESR;P47710;Hex HexNAc(3) NeuGc;P47710|CASA1_HUMAN:P47710-3|CASA1_HUMAN;LQNPS(+1078.38)ESSEPIPLESR;Sialylated
SPTIPFFDPQIPK;P05814;dHex(2) Hex(2) HexA HexNAc;P05814|CASB_HUMAN;SPT(+995.33)IPFFDPQIPK;Fucosylated
IDSGLYLGSGYFTAIQNLR;P02788;Hex1HexNAc1dHex1;P02788|TRFL_HUMAN;IDSGLYLGS(+511.19)GYFTAIQNLR;Fucosylated
QYLPNSHPPTVVR;P07498;Hex2HexNAc2;P07498|CASK_HUMAN;QYLPN(+730.26)SHPPTVVR;Oligomannose
AATVGSLAGQPLQER;P02649;Hex1HexNAc1NeuAc1;P02649|APOE_HUMAN;AAT(+656.23)VGSLAGQPLQER;Sialylated
QTDEIKDTR;P47710;Hex Pent;P47710|CASA1_HUMAN;QT(+294.10)DEIKDTR;Other
LQNPSESSEPIPLESR;P47710;Hex HexNAc NeuAc(3);P47710|CASA1_HUMAN:P47710-3|CASA1_HUMAN;LQNPSESSEPIPLES(+1238.42)R;Sialylated
LQNPSESSEPIPLESR;P47710;Hex HexNAc NeuAc(3);P47710|CASA1_HUMAN:P47710-3|CASA1_HUMAN;LQNPSESSEPIPLES(+1238.42)R;Sialylated
LQNPSESSEPIPLESR;P47710;Hex HexNAc NeuAc(3);P47710|CASA1_HUMAN:P47710-3|CASA1_HUMAN;LQNPSESSEPIPLES(+1238.42)R;Sialylated
LQNPSESSEPIPLESR;P47710;Hex HexNAc NeuAc(3);P47710|CASA1_HUMAN:P47710-3|CASA1_HUMAN;LQNPSESSEPIPLES(+1238.42)R;Sialylated
LQNPSESSEPIPLESR;P47710;Hex HexNAc NeuAc(3);P47710|CASA1_HUMAN:P47710-3|CASA1_HUMAN;LQNPSESSEPIPLES(+1238.42)R;Sialylated
NILREKQTDEIKDTR;P47710;dHex Hex(2) HexNAc;P47710|CASA1_HUMAN;NILREKQTDEIKDT(+673.24)R;Fucosylated
SEEEVAAR;P02788;Hex(2) HexNAc;P02788|TRFL_HUMAN;S(+527.18)EEEVAAR;Oligomannose
SEEEVAAR;P02788;Hex(2) HexNAc;P02788|TRFL_HUMAN;S(+527.18)EEEVAAR;Oligomannose
SPTIPFFDPQIPK;P05814;Hex2HexNAc2;P05814|CASB_HUMAN;S(+730.26)PTIPFFDPQIPK;Oligomannose
VMPVLKSPTIPFFDPQIPK;P05814;Heptose;P05814|CASB_HUMAN;VMPVLK(+192.06)S(+192.06)PTIPFFDPQIPK;Other
YPERLQNPSESSEPIPLESR;P47710;dHex(2) Hex(4);P47710|CASA1_HUMAN:P47710-3|CASA1_HUMAN;YPERLQNPS(+940.33)ESSEPIPLESR;Fucosylated
YPERLQNPSESSEPIPLESR;P47710;dHex(2) Hex(4);P47710|CASA1_HUMAN:P47710-3|CASA1_HUMAN;YPERLQNPS(+940.33)ESSEPIPLESR;Fucosylated
YPERLQNPSESSEPIPLESR;P47710;dHex(2) Hex(4);P47710|CASA1_HUMAN:P47710-3|CASA1_HUMAN;YPERLQNPS(+940.33)ESSEPIPLESR;Fucosylated
TYYANPAVVRPHAQIPQR;P07498;dHex HexNAc(3);P07498|CASK_HUMAN;T(+755.30)YYANPAVVRPHAQIPQR;Fucosylated
LQNPSESSEPIPLESR;P47710;Hex(3) HexNAc(2) NeuAc(2);P47710|CASA1_HUMAN:P47710-3|CASA1_HUMAN;LQNPSESSEPIPLES(+1474.51)R;Sialylated
LQNPSESSEPIPLESR;P47710;dHex Hex HexNAc(2) NeuAc(2);P47710|CASA1_HUMAN:P47710-3|CASA1_HUMAN;LQNPSESSEPIPLES(+1296.46)R;Fucosialylated
LQNPSESSEPIPLESR;P47710;dHex Hex HexNAc(2) NeuAc(2);P47710|CASA1_HUMAN:P47710-3|CASA1_HUMAN;LQNPSESSEPIPLES(+1296.46)R;Fucosialylated
LQNPSESSEPIPLESR;P47710;dHex Hex HexNAc(2) NeuAc(2);P47710|CASA1_HUMAN:P47710-3|CASA1_HUMAN;LQNPSESSEPIPLES(+1296.46)R;Fucosialylated
STDYGIFQINSR;P61626;dHex(2) Hex(2) HexNAc(2);P61626|LYSC_HUMAN;S(+1022.38)TDYGIFQINSR;Fucosylated
ETIESLSSSEESITEYKQKVEK;P05814;Hex(3) HexNAc(5);P05814|CASB_HUMAN;ETIES(+1501.56)LSSSEESITEYKQKVEK;Oligomannose
STDYGIFQINSR;P61626;Hex HexNAc NeuAc NeuGc;P61626|LYSC_HUMAN;ST(+963.32)DYGIFQINSR;Sialylated
GAVQSGVDKTK;O60664;Hex2HexNAc2;O60664|PLIN3_HUMAN;GAVQSGVDKT(+730.26)K;Oligomannose
SPTIPFFDPQIPK;P05814;Hex HexNAc NeuGc;P05814|CASB_HUMAN;S(+672.22)PTIPFFDPQIPK;Sialylated
QTDEIKDTR;P47710;Hex(5);P47710|CASA1_HUMAN;QT(+810.26)DEIKDTR;Other
QTDEIKDTR;P47710;Hex(5);P47710|CASA1_HUMAN;QT(+810.26)DEIKDTR;Other
SPTIPFFDPQIPK;P05814;dHex(2) Hex(2) HexA HexNAc;P05814|CASB_HUMAN;S(+995.33)PTIPFFDPQIPK;Fucosylated
LQNPSESSEPIPLESR;P47710;dHex Hex(3) HexNAc(2);P47710|CASA1_HUMAN:P47710-3|CASA1_HUMAN;LQN(+1038.38)PSESSEPIPLESR;Fucosylated
GRVMPVLKSPTIPFFDPQIPK;P05814;Hex(2) HexNAc Sulf;P05814|CASB_HUMAN;GRVMPVLKS(+607.14)PTIPFFDPQIPK;Oligomannose
EVSDSLLTSSK;Q99541;Hex(4) HexNAc(4) NeuAc;Q99541|PLIN2_HUMAN;EVS(+1751.62)DSLLTSSK;Sialylated
EDAIWNLLR;P02788;Hexosamine;P02788|TRFL_HUMAN;EDAIW(+161.07)NLLR;Other
YPERLQNPSESSEPIPLESR;P47710;Hex2 dHex2;P47710|CASA1_HUMAN:P47710-3|CASA1_HUMAN;YPERLQNPSESS(+616.22)EPIPLESR;Fucosylated
SPTIPFFDPQIPK;P05814;dHex(2) Hex(3);P05814|CASB_HUMAN;S(+778.27)PTIPFFDPQIPK;Fucosylated
SPTIPFFDPQIPK;P05814;dHex Hex(2) HexNAc;P05814|CASB_HUMAN;S(+673.24)PTIPFFDPQIPK;Fucosylated
LNEYNQLQLQAAHAQEQIR;P47710;Hex1HexNAc1NeuAc2;P47710|CASA1_HUMAN:P47710-3|CASA1_HUMAN;LNEYN(+947.32)QLQLQAAHAQEQIR;Sialylated
LQNPSESSEPIPLESR;P47710;dHex(2) Hex(2) HexNAc(2) Sulf(2);P47710|CASA1_HUMAN:P47710-3|CASA1_HUMAN;LQNPSESSEPIPLES(+1182.29)R;Fucosylated
LQNPSESSEPIPLESR;P47710;dHex(2) Hex(2) HexNAc(2) Sulf(2);P47710|CASA1_HUMAN:P47710-3|CASA1_HUMAN;LQNPSESSEPIPLES(+1182.29)R;Fucosylated
LQNPSESSEPIPLESR;P47710;Hex HexNAc(3) NeuAc(2);P47710|CASA1_HUMAN:P47710-3|CASA1_HUMAN;LQNPSESSEPIPLES(+1353.48)R;Sialylated
KVIFCSREK;P06858;Hex(2) HexNAc;P06858|LIPL_HUMAN;KVIFCS(+527.18)REK;Oligomannose
LEPQIASASEYAHR;O60664;Hex HexNAc dHex Me;O60664|PLIN3_HUMAN;LEPQIAS(+525.21)ASEYAHR;Fucosylated
DSAIGFSR;P02788;dHex Hex(2) HexNAc;P02788|TRFL_HUMAN;DS(+673.24)AIGFSR;Fucosylated
GGSGGGGGGSSGGR;P04264;Hexose (NSY);P04264|K2C1_HUMAN;GGSGGGGGGS(+162.05)SGGR;Other
TLTAAAVSGAQPILSK;O60664;dHex Hex HexNAc Kdn;O60664|PLIN3_HUMAN;T(+761.26)LTAAAVSGAQPILSK;Fucosialylated
LPLRYPERLQNPSESSEPIPLESR;P47710;Hex HexNAc NeuAc(3);P47710|CASA1_HUMAN:P47710-3|CASA1_HUMAN;LPLRYPERLQNPSESSEPIPLES(+1238.42)R;Sialylated
SSMFQVR;P16671;Hex HexNAc(2) NeuAc;P16671|CD36_HUMAN;S(+859.31)SMFQVR;Sialylated
YPERLQNPSESSEPIPLESR;P47710;Hex2 dHex2;P47710|CASA1_HUMAN:P47710-3|CASA1_HUMAN;YPERLQNPS(+616.22)ESSEPIPLESR;Fucosylated
SPTIPFFDPQIPK;P05814;Hex(3) HexNAc;P05814|CASB_HUMAN;S(+689.24)PTIPFFDPQIPK;Oligomannose
LQNPSESSEPIPLESR;P47710;Hex HexNAc(2) NeuAc(2);P47710|CASA1_HUMAN:P47710-3|CASA1_HUMAN;LQNPS(+1150.40)ESSEPIPLESR;Sialylated
LQNPSESSEPIPLESR;P47710;Hex HexNAc(2) NeuAc(2);P47710|CASA1_HUMAN:P47710-3|CASA1_HUMAN;LQNPS(+1150.40)ESSEPIPLESR;Sialylated
LQNPSESSEPIPLESR;P47710;Hex HexNAc(2) NeuAc(2);P47710|CASA1_HUMAN:P47710-3|CASA1_HUMAN;LQNPS(+1150.40)ESSEPIPLESR;Sialylated
EKQTDEIKDTR;P47710;dHex Hex(2) HexNAc;P47710|CASA1_HUMAN;EKQTDEIKDT(+673.24)R;Fucosylated
LNEYNQLQLQAAHAQEQIR;P47710;Hex1HexNAc2dHex2;P47710|CASA1_HUMAN:P47710-3|CASA1_HUMAN;LN(+860.33)EYNQLQLQAAHAQEQIR;Fucosylated
LNEYNQLQLQAAHAQEQIR;P47710;Hex1HexNAc2dHex2;P47710|CASA1_HUMAN:P47710-3|CASA1_HUMAN;LN(+860.33)EYNQLQLQAAHAQEQIR;Fucosylated
LNEYNQLQLQAAHAQEQIR;P47710;Hex1HexNAc2dHex2;P47710|CASA1_HUMAN:P47710-3|CASA1_HUMAN;LN(+860.33)EYNQLQLQAAHAQEQIR;Fucosylated
TTYEKYLGPQYVAGITNLKK;P02788;Glycosyl-L-hydroxyproline;P02788|TRFL_HUMAN;TTYEKYLGP(+148.04)QYVAGITNLKK;Other
LNEYNQLQLQAAHAQEQIR;P47710;dHex(2) Hex(2) HexNAc(2);P47710|CASA1_HUMAN:P47710-3|CASA1_HUMAN;LN(+1022.38)EYNQLQLQAAHAQEQIR;Fucosylated
LNEYNQLQLQAAHAQEQIR;P47710;dHex(2) Hex(2) HexNAc(2);P47710|CASA1_HUMAN:P47710-3|CASA1_HUMAN;LN(+1022.38)EYNQLQLQAAHAQEQIR;Fucosylated
LNEYNQLQLQAAHAQEQIR;P47710;dHex Hex(2) HexNAc(2) Pent;P47710|CASA1_HUMAN:P47710-3|CASA1_HUMAN;LNEYN(+1008.36)QLQLQAAHAQEQIR;Fucosylated
LNEYNQLQLQAAHAQEQIR;P47710;dHex Hex(2) HexNAc(2) Pent;P47710|CASA1_HUMAN:P47710-3|CASA1_HUMAN;LNEYN(+1008.36)QLQLQAAHAQEQIR;Fucosylated
LNEYNQLQLQAAHAQEQIR;P47710;dHex Hex(2) HexNAc(2) Pent;P47710|CASA1_HUMAN:P47710-3|CASA1_HUMAN;LNEYN(+1008.36)QLQLQAAHAQEQIR;Fucosylated
LNEYNQLQLQAAHAQEQIR;P47710;dHex Hex(2) HexNAc(2) Pent;P47710|CASA1_HUMAN:P47710-3|CASA1_HUMAN;LNEYN(+1008.36)QLQLQAAHAQEQIR;Fucosylated
LNEYNQLQLQAAHAQEQIR;P47710;dHex Hex(2) HexNAc(2) Pent;P47710|CASA1_HUMAN:P47710-3|CASA1_HUMAN;LN(+1008.36)EYNQLQLQAAHAQEQIR;Fucosylated
LNEYNQLQLQAAHAQEQIR;P47710;dHex Hex(2) HexNAc(2) Pent;P47710|CASA1_HUMAN:P47710-3|CASA1_HUMAN;LN(+1008.36)EYNQLQLQAAHAQEQIR;Fucosylated
LNEYNQLQLQAAHAQEQIR;P47710;dHex Hex(2) HexNAc(2) Pent;P47710|CASA1_HUMAN:P47710-3|CASA1_HUMAN;LN(+1008.36)EYNQLQLQAAHAQEQIR;Fucosylated
LNEYNQLQLQAAHAQEQIR;P47710;dHex Hex(2) HexNAc(2) Pent;P47710|CASA1_HUMAN:P47710-3|CASA1_HUMAN;LN(+1008.36)EYNQLQLQAAHAQEQIR;Fucosylated
LNEYNQLQLQAAHAQEQIR;P47710;dHex Hex(2) HexNAc(2) Pent;P47710|CASA1_HUMAN:P47710-3|CASA1_HUMAN;LN(+1008.36)EYNQLQLQAAHAQEQIR;Fucosylated
LNEYNQLQLQAAHAQEQIR;P47710;dHex Hex(2) HexNAc(2) Pent;P47710|CASA1_HUMAN:P47710-3|CASA1_HUMAN;LN(+1008.36)EYNQLQLQAAHAQEQIR;Fucosylated
LNEYNQLQLQAAHAQEQIR;P47710;dHex Hex(2) HexNAc(2) Pent;P47710|CASA1_HUMAN:P47710-3|CASA1_HUMAN;LN(+1008.36)EYNQLQLQAAHAQEQIR;Fucosylated
EKQTDEIKDTR;P47710;Hex HexNAc NeuGc;P47710|CASA1_HUMAN;EKQTDEIKDT(+672.22)R;Sialylated
VPPRIDSGLYLGSGYFTAIQNLR;P02788;Hex(5) Phos;P02788|TRFL_HUMAN;VPPRIDS(+890.23)GLYLGSGYFTAIQNLR;Other
STDYGIFQINSR;P61626;Hex HexNAc NeuAc NeuGc;P61626|LYSC_HUMAN;ST(+963.32)DYGIFQINSR;Sialylated
RSDTSLTWNSVK;P02788;Phosphoglycosyl-D-mannose-1-phosphoryl;P02788|TRFL_HUMAN;RSDTSLTWNS(+242.02)VK;Other
RSDTSLTWNSVK;P02788;Phosphoglycosyl-D-mannose-1-phosphoryl;P02788|TRFL_HUMAN;RSDTSLTWNS(+242.02)VK;Other
RSDTSLTWNSVK;P02788;Phosphoglycosyl-D-mannose-1-phosphoryl;P02788|TRFL_HUMAN;RSDTSLTWNS(+242.02)VK;Other
RSDTSLTWNSVK;P02788;Phosphoglycosyl-D-mannose-1-phosphoryl;P02788|TRFL_HUMAN;RSDTSLTWNS(+242.02)VK;Other
IDSGLYLGSGYFTAIQNLR;P02788;Gluconoylation;P02788|TRFL_HUMAN;I(+178.05)DSGLYLGSGYFTAIQNLR;Other
LQNPSESSEPIPLESR;P47710;Hex HexNAc(3) NeuGc;P47710|CASA1_HUMAN:P47710-3|CASA1_HUMAN;LQNPSESS(+1078.38)EPIPLESR;Sialylated
LQNPSESSEPIPLESR;P47710;Hex HexNAc(3) NeuGc;P47710|CASA1_HUMAN:P47710-3|CASA1_HUMAN;LQNPSESS(+1078.38)EPIPLESR;Sialylated
LQNPSESSEPIPLESR;P47710;Hex HexNAc(3) NeuGc;P47710|CASA1_HUMAN:P47710-3|CASA1_HUMAN;LQNPSESS(+1078.38)EPIPLESR;Sialylated
ATEHLSTLSEK;P02647;H1O3P1Hex2;P0DM91|APOA1_PANPA:P02647|APOA1_HUMAN;AT(+404.07)EHLSTLSEK;Other
LNEYNQLQLQAAHAQEQIRR;P47710;dHex Hex(2) HexNAc(2) Pent;P47710|CASA1_HUMAN:P47710-3|CASA1_HUMAN;LN(+1008.36)EYNQLQLQAAHAQEQIRR;Fucosylated
LNEYNQLQLQAAHAQEQIRR;P47710;dHex Hex(2) HexNAc(2) Pent;P47710|CASA1_HUMAN:P47710-3|CASA1_HUMAN;LN(+1008.36)EYNQLQLQAAHAQEQIRR;Fucosylated
LNEYNQLQLQAAHAQEQIRR;P47710;dHex Hex(2) HexNAc(2) Pent;P47710|CASA1_HUMAN:P47710-3|CASA1_HUMAN;LN(+1008.36)EYNQLQLQAAHAQEQIRR;Fucosylated
LNEYNQLQLQAAHAQEQIRR;P47710;dHex Hex(2) HexNAc(2) Pent;P47710|CASA1_HUMAN:P47710-3|CASA1_HUMAN;LN(+1008.36)EYNQLQLQAAHAQEQIRR;Fucosylated
YLGPQYVAGITNLK;P02788;Phosphoglycosyl-D-mannose-1-phosphoryl;P02788|TRFL_HUMAN;YLGPQYVAGIT(+242.02)NLK;Other
YPERLQNPSESSEPIPLESR;P47710;HexNAc1dHex2;P47710|CASA1_HUMAN:P47710-3|CASA1_HUMAN;YPERLQN(+495.20)PSESSEPIPLESR;Fucosylated
YPERLQNPSESSEPIPLESR;P47710;HexNAc1dHex2;P47710|CASA1_HUMAN:P47710-3|CASA1_HUMAN;YPERLQN(+495.20)PSESSEPIPLESR;Fucosylated
YPERLQNPSESSEPIPLESR;P47710;HexNAc1dHex2;P47710|CASA1_HUMAN:P47710-3|CASA1_HUMAN;YPERLQN(+495.20)PSESSEPIPLESR;Fucosylated
YPERLQNPSESSEPIPLESR;P47710;HexNAc NeuGc;P47710|CASA1_HUMAN:P47710-3|CASA1_HUMAN;YPERLQNPS(+510.17)ESSEPIPLESR;Sialylated
ESTVFEDLSDEAER;P02788;dHex(3) Hex(2) HexNAc(3) Kdn;P02788|TRFL_HUMAN;ES(+1621.59)TVFEDLSDEAER;Fucosialylated
KRGPGTPAPTGLSAPLSFIPR;Q6WN34;Hex2HexNAc2;Q6WN34-2|CRDL2_HUMAN:Q6WN34|CRDL2_HUMAN;KRGPGTPAPT(+730.26)GLSAPLSFIPR;Oligomannose
QYLPNSHPPTVVR;P07498;Hex1HexNAc1;P07498|CASK_HUMAN;QYLPN(+365.13)SHPPTVVR;Oligomannose
TIKKQVVLEEGTIAFK;P16671;Heptose;P16671-4|CD36_HUMAN:P16671|CD36_HUMAN;TIKK(+192.06)QVVLEEGTIAFK;Other
LQNPSESSEPIPLESR;P47710;Hex HexNAc NeuAc(3);P47710|CASA1_HUMAN:P47710-3|CASA1_HUMAN;LQNPSESSEPIPLES(+1238.42)R;Sialylated
LQNPSESSEPIPLESR;P47710;Hex HexNAc NeuAc(3);P47710|CASA1_HUMAN:P47710-3|CASA1_HUMAN;LQNPSESSEPIPLES(+1238.42)R;Sialylated
LQNPSESSEPIPLESR;P47710;Hex HexNAc NeuAc(3);P47710|CASA1_HUMAN:P47710-3|CASA1_HUMAN;LQNPSESSEPIPLES(+1238.42)R;Sialylated
LQNPSESSEPIPLESR;P47710;Hex HexNAc NeuAc(3);P47710|CASA1_HUMAN:P47710-3|CASA1_HUMAN;LQNPSESSEPIPLES(+1238.42)R;Sialylated
LQNPSESSEPIPLESR;P47710;Hex HexNAc NeuAc(3);P47710|CASA1_HUMAN:P47710-3|CASA1_HUMAN;LQNPSESSEPIPLES(+1238.42)R;Sialylated
LQNPSESSEPIPLESR;P47710;Hex HexNAc NeuAc(3);P47710|CASA1_HUMAN:P47710-3|CASA1_HUMAN;LQNPSESSEPIPLES(+1238.42)R;Sialylated
LQNPSESSEPIPLESR;P47710;Hex HexNAc NeuAc(3);P47710|CASA1_HUMAN:P47710-3|CASA1_HUMAN;LQNPSESSEPIPLES(+1238.42)R;Sialylated
LQNPSESSEPIPLESR;P47710;Hex HexNAc NeuAc(3);P47710|CASA1_HUMAN:P47710-3|CASA1_HUMAN;LQNPSESSEPIPLES(+1238.42)R;Sialylated
IDSGLYLGSGYFTAIQNLR;P02788;HexNAc NeuGc;P02788|TRFL_HUMAN;IDS(+510.17)GLYLGSGYFTAIQNLR;Sialylated
LNEYNQLQLQAAHAQEQIRR;P47710;Hex1HexNAc2dHex2;P47710|CASA1_HUMAN:P47710-3|CASA1_HUMAN;LN(+860.33)EYNQLQLQAAHAQEQIRR;Fucosylated
NILREKQTDEIKDTR;P47710;Hex HexNAc NeuGc;P47710|CASA1_HUMAN;NILREKQTDEIKDT(+672.22)R;Sialylated
LPLRYPERLQNPSESSEPIPLESR;P47710;dHex(2) Hex(2) HexNAc(2) Sulf(2);P47710|CASA1_HUMAN:P47710-3|CASA1_HUMAN;LPLRYPERLQNPSESS(+1182.29)EPIPLESR;Fucosylated
NILREKQTDEIKDTR;P47710;dHex Hex(2) HexNAc;P47710|CASA1_HUMAN;NILREKQTDEIKDT(+673.24)R;Fucosylated
NILREKQTDEIKDTR;P47710;dHex Hex(2) HexNAc;P47710|CASA1_HUMAN;NILREKQTDEIKDT(+673.24)R;Fucosylated
LQNPSESSEPIPLESR;P47710;Hex HexNAc(3) NeuGc;P47710|CASA1_HUMAN:P47710-3|CASA1_HUMAN;LQNPS(+1078.38)ESSEPIPLESR;Sialylated
LQNPSESSEPIPLESR;P47710;Hex HexNAc(3) NeuGc;P47710|CASA1_HUMAN:P47710-3|CASA1_HUMAN;LQNPS(+1078.38)ESSEPIPLESR;Sialylated
LQNPSESSEPIPLESR;P47710;Hex HexNAc(3) NeuGc;P47710|CASA1_HUMAN:P47710-3|CASA1_HUMAN;LQNPS(+1078.38)ESSEPIPLESR;Sialylated
SPTIPFFDPQIPK;P05814;Hex2HexNAc2;P05814|CASB_HUMAN;S(+730.26)PTIPFFDPQIPK;Oligomannose
SPTIPFFDPQIPK;P05814;Hex HexA HexNAc(2);P05814|CASB_HUMAN;SPT(+744.24)IPFFDPQIPK;Oligomannose
YPERLQNPSESSEPIPLESR;P47710;HexNAc(2) NeuAc Sulf;P47710|CASA1_HUMAN:P47710-3|CASA1_HUMAN;YPERLQNPS(+777.21)ESSEPIPLESR;Sialylated
KGGSFQLNELQGLK;P02788;Hex(5);P02788|TRFL_HUMAN;KGGS(+810.26)FQLNELQGLK;Other
SDTSLTWNSVK;P02788;Phosphoglycosyl-D-mannose-1-phosphoryl;P02788|TRFL_HUMAN;SDTSLTWNS(+242.02)VK;Other
IDSGLYLGSGYFTAIQNLR;P02788;Hex HexNAc dHex Me;P02788|TRFL_HUMAN;IDSGLYLGS(+525.21)GYFTAIQNLR;Fucosylated
YPERLQNPSESSEPIPLESR;P47710;dHex Hex HexNAc(3);P47710|CASA1_HUMAN:P47710-3|CASA1_HUMAN;YPERLQNPS(+917.35)ESSEPIPLESR;Fucosylated
YPERLQNPSESSEPIPLESR;P47710;dHex Hex HexNAc(3);P47710|CASA1_HUMAN:P47710-3|CASA1_HUMAN;YPERLQNPS(+917.35)ESSEPIPLESR;Fucosylated
LQNPSESSEPIPLESR;P47710;Hex HexNAc(3) NeuAc(2);P47710|CASA1_HUMAN:P47710-3|CASA1_HUMAN;LQNPSESSEPIPLES(+1353.48)R;Sialylated
QTDEIKDTR;P47710;Hex(5);P47710|CASA1_HUMAN;QT(+810.26)DEIKDTR;Other
QTDEIKDTR;P47710;Hex(5);P47710|CASA1_HUMAN;QT(+810.26)DEIKDTR;Other
LPLRYPERLQNPSESSEPIPLESR;P47710;Hex HexNAc NeuAc(3);P47710|CASA1_HUMAN:P47710-3|CASA1_HUMAN;LPLRYPERLQNPSESSEPIPLES(+1238.42)R;Sialylated
LPLRYPERLQNPSESSEPIPLESR;P47710;Hex HexNAc NeuAc(3);P47710|CASA1_HUMAN:P47710-3|CASA1_HUMAN;LPLRYPERLQNPSESSEPIPLES(+1238.42)R;Sialylated
LPLRYPERLQNPSESSEPIPLESR;P47710;Hex HexNAc NeuAc(3);P47710|CASA1_HUMAN:P47710-3|CASA1_HUMAN;LPLRYPERLQNPSESSEPIPLES(+1238.42)R;Sialylated
SPTIPFFDPQIPK;P05814;Hex2HexNAc2;P05814|CASB_HUMAN;SPT(+730.26)IPFFDPQIPK;Oligomannose
SPTIPFFDPQIPK;P05814;Hex2HexNAc2;P05814|CASB_HUMAN;SPT(+730.26)IPFFDPQIPK;Oligomannose
VPPRIDSGLYLGSGYFTAIQNLR;P02788;Hex(2) HexNAc NeuGc;P02788|TRFL_HUMAN;VPPRIDS(+834.28)GLYLGSGYFTAIQNLR;Sialylated
ETIESLSSSEESITEYKQKVEK;P05814;Hex(3) HexNAc(5);P05814|CASB_HUMAN;ET(+1501.56)IESLSSSEESITEYKQKVEK;Oligomannose
YPERLQNPSESSEPIPLESR;P47710;HexNAc NeuAc;P47710|CASA1_HUMAN:P47710-3|CASA1_HUMAN;YPERLQNPSESS(+494.17)EPIPLESR;Sialylated
EVTGIITQGAR;Q08431;Hex1HexNAc1NeuAc1;Q08431|MFGM_HUMAN;EVT(+656.23)GIITQGAR;Sialylated
SEEEVAAR;P02788;Hex(2) HexNAc;P02788|TRFL_HUMAN;S(+527.18)EEEVAAR;Oligomannose
DSAIGFSR;P02788;dHex Hex(2) HexNAc;P02788|TRFL_HUMAN;DS(+673.24)AIGFSR;Fucosylated
TIKKQVVLEEGTIAFK;P16671;Heptose;P16671-4|CD36_HUMAN:P16671|CD36_HUMAN;TIKKQ(+192.06)VVLEEGTIAFK;Other
VMPVLKSPTIPFFDPQIPK;P05814;Heptose;P05814|CASB_HUMAN;VMPVLK(+192.06)S(+192.06)PTIPFFDPQIPK;Other
ETIESLSSSEESITEYKQKVEK;P05814;Hex(3) HexNAc(5);P05814|CASB_HUMAN;ETIES(+1501.56)LSSSEESITEYKQKVEK;Oligomannose
QYLPNSHPPTVVR;P07498;Hex2HexNAc2;P07498|CASK_HUMAN;QYLPN(+730.26)SHPPTVVR;Oligomannose
EKQTDEIKDTR;P47710;Hex(2) HexNAc NeuGc;P47710|CASA1_HUMAN;EKQT(+834.28)DEIKDTR;Sialylated
SPTIPFFDPQIPK;P05814;dHex(2) Hex(3);P05814|CASB_HUMAN;SPT(+778.27)IPFFDPQIPK;Fucosylated
SPTIPFFDPQIPK;P05814;dHex(2) Hex(3);P05814|CASB_HUMAN;SPT(+778.27)IPFFDPQIPK;Fucosylated
SPTIPFFDPQIPK;P05814;HexNAcylation (ST);P05814|CASB_HUMAN;SPT(+203.08)IPFFDPQIPK;Oligomannose
DLLFKDSAIGFSR;P02788;Hex HexNAc Kdn Sulf;P02788|TRFL_HUMAN;DLLFKDS(+695.16)AIGFSR;Sialylated
EDAIWNLLRQAQEKFGKDKSPK;P02788;Hex3;P02788|TRFL_HUMAN;EDAIWN(+486.16)LLRQAQEKFGKDKSPK;Other
TIKKQVVLEEGTIAFK;P16671;Heptose;P16671-4|CD36_HUMAN:P16671|CD36_HUMAN;TIK(+192.06)KQVVLEEGTIAFK;Other
LQNPSESSEPIPLESR;P47710;dHex Hex HexNAc(2) NeuAc(2);P47710|CASA1_HUMAN:P47710-3|CASA1_HUMAN;LQNPSESSEPIPLES(+1296.46)R;Fucosialylated
LQNPSESSEPIPLESR;P47710;dHex Hex HexNAc(2) NeuAc(2);P47710|CASA1_HUMAN:P47710-3|CASA1_HUMAN;LQNPSESSEPIPLES(+1296.46)R;Fucosialylated
YPERLQNPSESSEPIPLESR;P47710;dHex(2) Hex(4);P47710|CASA1_HUMAN:P47710-3|CASA1_HUMAN;YPERLQNPS(+940.33)ESSEPIPLESR;Fucosylated
QYLPNSHPPTVVR;P07498;Hex(3) HexNAc(3) NeuAc Sulf;P07498|CASK_HUMAN;QYLPNS(+1466.45)HPPTVVR;Sialylated
SPTIPFFDPQIPK;P05814;HexNAc(2) NeuAc Sulf;P05814|CASB_HUMAN;S(+777.21)PTIPFFDPQIPK;Sialylated
IDSGLYLGSGYFTAIQNLRK;P02788;dHex Hex HexNAc(3) NeuAc;P02788|TRFL_HUMAN;IDS(+1208.44)GLYLGSGYFTAIQNLRK;Fucosialylated
TYYANPAVVRPHAQIPQR;P07498;dHex HexNAc(3);P07498|CASK_HUMAN;T(+755.30)YYANPAVVRPHAQIPQR;Fucosylated
SVNGKEDAIWNLLR;P02788;Fucosylated biantennary (-1 galactose);P02788|TRFL_HUMAN;SVN(+1606.59)GKEDAIWNLLR;Fucosylated
GAGSTTVKIVLKEK;Q6WN34;Hex2HexNAc2dHex1;Q6WN34-2|CRDL2_HUMAN:Q6WN34|CRDL2_HUMAN;GAGS(+876.32)TTVKIVLKEK;Fucosylated
VLVHTSVSPSPDNLR;Q6WN34;Hexosamine;Q6WN34-2|CRDL2_HUMAN:Q6WN34|CRDL2_HUMAN;VLVHTS(+161.07)VSPSPDNLR;Other
LQNPSESSEPIPLESR;P47710;Hex(3) HexNAc(2) NeuAc(2);P47710|CASA1_HUMAN:P47710-3|CASA1_HUMAN;LQNPSESSEPIPLES(+1474.51)R;Sialylated
GRVMPVLKSPTIPFFDPQIPK;P05814;Hex(2) HexNAc Sulf;P05814|CASB_HUMAN;GRVMPVLKS(+607.14)PTIPFFDPQIPK;Oligomannose
EKQTDEIKDTR;P47710;Gluconoylation;P47710|CASA1_HUMAN;E(+178.05)KQTDEIKDTR;Other
SEEEVAARR;P02788;Hexosamine;P02788|TRFL_HUMAN;S(+161.07)EEEVAARR;Other
SPTIPFFDPQIPK;P05814;dHex Hex(3) HexNAc;P05814|CASB_HUMAN;SPT(+835.30)IPFFDPQIPK;Fucosylated
LQNPSESSEPIPLESR;P47710;Hex HexNAc(2) NeuAc(2);P47710|CASA1_HUMAN:P47710-3|CASA1_HUMAN;LQNPS(+1150.40)ESSEPIPLESR;Sialylated
EKQTDEIKDTR;P47710;dHex Hex(2) HexNAc;P47710|CASA1_HUMAN;EKQTDEIKDT(+673.24)R;Fucosylated
YLGPQYVAGITNLK;P02788;Phosphoglycosyl-D-mannose-1-phosphoryl;P02788|TRFL_HUMAN;YLGPQYVAGIT(+242.02)NLK;Other
QYLPNSHPPTVVR;P07498;Hex1HexNAc1;P07498|CASK_HUMAN;QYLPN(+365.13)SHPPTVVR;Oligomannose
GGSSSGGGYGSGGGGSSSVK;P35908;Hexose;P35908|K22E_HUMAN;G(+162.05)GSSSGGGYGSGGGGSSSVK;Other
GGSSSGGGYGSGGGGSSSVK;P35908;Hexose;P35908|K22E_HUMAN;G(+162.05)GSSSGGGYGSGGGGSSSVK;Other
SPTIPFFDPQIPK;P05814;dHex(2) Hex(3);P05814|CASB_HUMAN;SPT(+778.27)IPFFDPQIPK;Fucosylated
SPTIPFFDPQIPK;P05814;dHex(2) Hex(3);P05814|CASB_HUMAN;SPT(+778.27)IPFFDPQIPK;Fucosylated
RSDTSLTWNSVK;P02788;Phosphoglycosyl-D-mannose-1-phosphoryl;P02788|TRFL_HUMAN;RSDTSLTWNS(+242.02)VK;Other
RSDTSLTWNSVK;P02788;Phosphoglycosyl-D-mannose-1-phosphoryl;P02788|TRFL_HUMAN;RSDTSLTWNS(+242.02)VK;Other
RSDTSLTWNSVK;P02788;Phosphoglycosyl-D-mannose-1-phosphoryl;P02788|TRFL_HUMAN;RSDTSLTWNS(+242.02)VK;Other
RSDTSLTWNSVK;P02788;Phosphoglycosyl-D-mannose-1-phosphoryl;P02788|TRFL_HUMAN;RSDTSLTWNS(+242.02)VK;Other
LQNPSESSEPIPLESR;P47710;Hex HexNAc(3) NeuGc;P47710|CASA1_HUMAN:P47710-3|CASA1_HUMAN;LQNPS(+1078.38)ESSEPIPLESR;Sialylated
LQNPSESSEPIPLESR;P47710;Hex HexNAc(3) NeuGc;P47710|CASA1_HUMAN:P47710-3|CASA1_HUMAN;LQNPS(+1078.38)ESSEPIPLESR;Sialylated
LQNPSESSEPIPLESR;P47710;Hex HexNAc NeuAc(3);P47710|CASA1_HUMAN:P47710-3|CASA1_HUMAN;LQNPSESSEPIPLES(+1238.42)R;Sialylated
LQNPSESSEPIPLESR;P47710;Hex HexNAc NeuAc(3);P47710|CASA1_HUMAN:P47710-3|CASA1_HUMAN;LQNPSESSEPIPLES(+1238.42)R;Sialylated
LQNPSESSEPIPLESR;P47710;Hex HexNAc NeuAc(3);P47710|CASA1_HUMAN:P47710-3|CASA1_HUMAN;LQNPSESSEPIPLES(+1238.42)R;Sialylated
QTDEIKDTR;P47710;dHex Hex(2) HexNAc;P47710|CASA1_HUMAN;QTDEIKDT(+673.24)R;Fucosylated
SGSGLVGR;P10909;H1O3P1Hex2;P10909-6|CLUS_HUMAN:P10909-4|CLUS_HUMAN:P10909-2|CLUS_HUMAN:P10909|CLUS_HUMAN:P10909-5|CLUS_HUMAN;S(+404.07)GSGLVGR;Other
LNEYNQLQLQAAHAQEQIR;P47710;dHex Hex(2) HexNAc(2) Pent;P47710|CASA1_HUMAN:P47710-3|CASA1_HUMAN;LNEYN(+1008.36)QLQLQAAHAQEQIR;Fucosylated
SPTIPFFDPQIPK;P05814;dHex(2) Hex(3);P05814|CASB_HUMAN;S(+778.27)PTIPFFDPQIPK;Fucosylated
YPERLQNPSESSEPIPLESR;P47710;Hex(2) HexNAc Sulf;P47710|CASA1_HUMAN:P47710-3|CASA1_HUMAN;YPERLQNPS(+607.14)ESSEPIPLESR;Oligomannose
QYLPNSHPPTVVR;P07498;Hex1HexNAc1;P07498|CASK_HUMAN;QYLPNSHPPT(+365.13)VVR;Oligomannose
ETIESLSSSEESITEYKQKVEK;P05814;Hex Pent(2);P05814|CASB_HUMAN;ETIESLSSSEES(+426.14)ITEYKQKVEK;Other
SPTIPFFDPQIPK;P05814;Hex2HexNAc2;P05814|CASB_HUMAN;S(+730.26)PTIPFFDPQIPK;Oligomannose
ETIESLSSSEESITEYKQKVEK;P05814;Hex(3) HexNAc(5);P05814|CASB_HUMAN;ET(+1501.56)IESLSSSEESITEYKQKVEK;Oligomannose
KRGPGTPAPTGLSAPLSFIPR;Q6WN34;dHex(2) Hex HexNAc(2) NeuGc;Q6WN34-2|CRDL2_HUMAN:Q6WN34|CRDL2_HUMAN;KRGPGTPAPTGLS(+1167.42)APLSFIPR;Fucosialylated
NILREKQTDEIKDTR;P47710;dHex Hex(2) HexNAc;P47710|CASA1_HUMAN;NILREKQTDEIKDT(+673.24)R;Fucosylated
DVTVLQNTDGNNNEAWAK;P02788;dHex(2) Hex(2) HexNAc(4);P02788|TRFL_HUMAN;DVTVLQNT(+1428.54)DGNNNEAWAK;Fucosylated
LVTGNPSTGTAGTIPR;Q99102;Fucose;Q99102-10|MUC4_HUMAN:Q99102|MUC4_HUMAN;LVTGNPST(+146.06)GTAGTIPR;Fucosylated
SPTIPFFDPQIPK;P05814;dHex Hex(3) HexNAc;P05814|CASB_HUMAN;SPT(+835.30)IPFFDPQIPK;Fucosylated
LQNPSESSEPIPLESR;P47710;Hex HexNAc(3) NeuGc;P47710|CASA1_HUMAN:P47710-3|CASA1_HUMAN;LQNPSESS(+1078.38)EPIPLESR;Sialylated
DVTVLQNTDGNNNEAWAK;P02788;dHex(2) Hex(2) HexNAc(4);P02788|TRFL_HUMAN;DVT(+1428.54)VLQNTDGNNNEAWAK;Fucosylated
VLPIPQQVVPYPQR;P05814;Glycosyl-L-hydroxyproline;P05814|CASB_HUMAN;VLPIPQQVVP(+148.04)YPQR;Other
FLNSNSGLQGLQFYRLHR;Q99102;Hexosamine;Q99102-13|MUC4_HUMAN:Q99102-10|MUC4_HUMAN:Q99102|MUC4_HUMAN;FLN(+161.07)SNSGLQGLQFYRLHR;Other
FLNSNSGLQGLQFYRLHR;Q99102;Hexosamine;Q99102-13|MUC4_HUMAN:Q99102-10|MUC4_HUMAN:Q99102|MUC4_HUMAN;FLN(+161.07)SNSGLQGLQFYRLHR;Other
FLNSNSGLQGLQFYRLHR;Q99102;Hexosamine;Q99102-13|MUC4_HUMAN:Q99102-10|MUC4_HUMAN:Q99102|MUC4_HUMAN;FLN(+161.07)SNSGLQGLQFYRLHR;Other
IDSGLYLGSGYFTAIQNLR;P02788;Hex(2) HexNAc;P02788|TRFL_HUMAN;IDS(+527.18)GLYLGSGYFTAIQNLR;Oligomannose
VMPVLKSPTIPFFDPQIPK;P05814;Gluconoylation;P05814|CASB_HUMAN;V(+178.05)MPVLKSPTIPFFDPQIPK;Other
EKQTDEIKDTR;P47710;Gluconoylation;P47710|CASA1_HUMAN;E(+178.05)KQTDEIKDTR;Other
STDYGIFQINSR;P61626;Hex HexNAc NeuAc NeuGc;P61626|LYSC_HUMAN;S(+963.32)TDYGIFQINSR;Sialylated
STDYGIFQINSR;P61626;Hex HexNAc NeuAc NeuGc;P61626|LYSC_HUMAN;S(+963.32)TDYGIFQINSR;Sialylated
GGSFQLNELQGLK;P02788;Hex2HexNAc2dHex1;P02788|TRFL_HUMAN;GGS(+876.32)FQLNELQGLK;Fucosylated
MESSISSSSEEMSLSK;P47710;Hex(2) HexNAc Me;P47710|CASA1_HUMAN:P47710-3|CASA1_HUMAN;MESS(+541.20)ISSSSEEMSLSK;Oligomannose
LPILNQPSTQIVANAK;Q99541;dHex Hex HexNAc Kdn;Q99541|PLIN2_HUMAN;LPILNQPS(+761.26)TQIVANAK;Fucosialylated
LQNPSESSEPIPLESR;P47710;dHex(2) Hex(2) HexA HexNAc(2) Sulf;P47710|CASA1_HUMAN:P47710-3|CASA1_HUMAN;LQNPSESSEPIPLES(+1278.37)R;Fucosylated
YVNKEIQNAVNGVK;P10909;Hex2HexNAc2Pent1;P10909-6|CLUS_HUMAN:P10909-4|CLUS_HUMAN:P10909-2|CLUS_HUMAN:P10909|CLUS_HUMAN:P10909-5|CLUS_HUMAN;YVN(+862.31)KEIQNAVNGVK;Oligomannose
QTDEIKDTR;P47710;Hex(5);P47710|CASA1_HUMAN;QT(+810.26)DEIKDTR;Other
QTDEIKDTR;P47710;Hex(5);P47710|CASA1_HUMAN;QT(+810.26)DEIKDTR;Other
QTDEIKDTR;P47710;Hex(5);P47710|CASA1_HUMAN;QT(+810.26)DEIKDTR;Other
QTDEIKDTR;P47710;Hex(5);P47710|CASA1_HUMAN;QT(+810.26)DEIKDTR;Other
NSKIEISELNR;P04264;HexNAc(2) NeuAc;A5A6M6|K2C1_PANTR:P04264|K2C1_HUMAN;NS(+697.25)KIEISELNR;Sialylated
TLNNKFASFIDKVR;P35908;Hex(2) NeuAc;P35908|K22E_HUMAN;T(+615.20)LNNKFASFIDKVR;Sialylated
RPNLHPSFIAIPPK;P07498;Pentose;P07498|CASK_HUMAN;RPNLHPS(+132.04)FIAIPPK;Other
GSLGGGFSSGGFSGGSFSR;P13645;Hex(3) HexNAc Me;P13645|K1C10_HUMAN;GSLGGGFS(+703.25)SGGFSGGSFSR;Oligomannose
SEEEVAARR;P02788;Hexosamine;P02788|TRFL_HUMAN;S(+161.07)EEEVAARR;Other
TYYANPAVVRPHAQIPQR;P07498;dHex HexNAc(3);P07498|CASK_HUMAN;T(+755.30)YYANPAVVRPHAQIPQR;Fucosylated
SPTIPFFDPQIPK;P05814;Hex(2) HexNAc NeuGc;P05814|CASB_HUMAN;SPT(+834.28)IPFFDPQIPK;Sialylated
FQLFGSPSGQK;P02788;dHex Hex(2) HexNAc;P02788|TRFL_HUMAN;FQLFGSPS(+673.24)GQK;Fucosylated
YPERLQNPSESSEPIPLESR;P47710;dHex(2) Hex(4);P47710|CASA1_HUMAN:P47710-3|CASA1_HUMAN;YPERLQNPSES(+940.33)SEPIPLESR;Fucosylated
SPTIPFFDPQIPK;P05814;Hex HexNAc Kdn Sulf;P05814|CASB_HUMAN;S(+695.16)PTIPFFDPQIPK;Sialylated
LQNPSESSEPIPLESR;P47710;Hex(3) HexNAc(2) NeuAc(2);P47710|CASA1_HUMAN:P47710-3|CASA1_HUMAN;LQNPSESSEPIPLES(+1474.51)R;Sialylated
LQNPSESSEPIPLESR;P47710;Hex(3) HexNAc(2) NeuAc(2);P47710|CASA1_HUMAN:P47710-3|CASA1_HUMAN;LQNPSESSEPIPLES(+1474.51)R;Sialylated
LQNPSESSEPIPLESR;P47710;dHex Hex HexNAc(2) NeuAc(2);P47710|CASA1_HUMAN:P47710-3|CASA1_HUMAN;LQNPSESSEPIPLES(+1296.46)R;Fucosialylated
LQNPSESSEPIPLESR;P47710;dHex Hex HexNAc(3) NeuGc;P47710|CASA1_HUMAN:P47710-3|CASA1_HUMAN;LQNPSESSEPIPLES(+1224.44)R;Fucosialylated
SDTSLTWNSVK;P02788;Phosphoglycosyl-D-mannose-1-phosphoryl;P02788|TRFL_HUMAN;SDTSLTWNS(+242.02)VK;Other
DSAIGFSR;P02788;dHex Hex(2) HexNAc;P02788|TRFL_HUMAN;DS(+673.24)AIGFSR;Fucosylated
LQNPSESSEPIPLESR;P47710;Hex HexNAc(3) NeuAc(2);P47710|CASA1_HUMAN:P47710-3|CASA1_HUMAN;LQNPSESSEPIPLES(+1353.48)R;Sialylated
QHAYEHSLGKLRATK;O60664;HexNAc2;O60664|PLIN3_HUMAN;QHAYEHS(+406.16)LGKLRATK;Oligomannose
