Peptide Sequence;Peptide;Prot Name;-10lgP;Mass;Length;ppm;m/z;Z;RT;Area;Fraction;Id;Scan;from Chimera;Source File;Accession;PTM;PTM cluster;AScore;Found By: String
TFQRQMPL;TFQRQMPL;Q10404;59.3;1162.2602;8;-0.89;1239.4513;4;56.92;56868038.0;20;ID68847;4532;False;SEC_POOL_3_fraction17.raw;Q10404;Hex(5) HexNAc(4) NeuAc Sulf;Glycosylation;7.3;PEAKS PTM
DMESHRNANAEPAVQR;DMESHRNANAEPAVQR;P14209;122.9;967.4459;16;3.85;1319.8349;1;29.43;37472725.0;3;ID50521;9098;False;SEC_POOL_3_fraction7.raw;P14209;Hex HexNAc dHex Me(2);Glycosylation;29.4;PEAKS PTM
LLRISLLLIQ;LLRISLLLIQ;P01241;19.9;1248.3174;10;4.27;1160.419;1;100.86;48520028.0;18;ID33563;9431;False;SEC_POOL_3_fraction4.raw;P01241;dHex(2) Hex(4) HexNAc(4) Sulf;Glycosylation;5.3;PEAKS DB
ETATRAALQKRYGSQN;ETATRAALQKRYGSQN;P62745;91.2;1841.6645;16;1.78;661.6687;2;111.32;27277563.0;9;ID64507;8757;False;SEC_POOL_3_fraction2.raw;P62745;dHex Hex(3) HexNAc;Glycosylation;25.9;PEAKS DB
ATPGKKGAAI;ATPGKKGAAI;P19338;38.0;2571.6038;10;-1.94;870.9133;1;70.33;85978409.0;13;ID82367;7333;False;SEC_POOL_3_fraction12.raw;P19338;dHex Hex(4) HexNAc(5);Glycosylation;38.0;PEAKS DB
PSARVGVC;PSARVGVC;O43790;116.3;1800.545;8;2.36;1114.8818;2;123.61;111027538.0;16;ID69142;2824;True;SEC_POOL_3_fraction4.raw;O43790;dHex Hex(5) HexNAc(3) NeuAc;Glycosylation;31.2;PEAKS DB
FDMAYQGFASGDGDKDAWAVRHF;FDMAYQGFASGDGDKDAWAVRHF;P00505;81.5;1681.562;23;-2.75;1029.9252;1;86.06;51628556.0;6;ID80647;2122;False;SEC_POOL_3_fraction17.raw;P00505;dHex Hex HexNAc(2) Sulf;Glycosylation;17.1;PEAKS DB
EVLELAGNASKDLKVKRITPRHLQ;EVLELAGNASKDLKVKRITPRHLQ;Q3THW5;75.4;2525.3643;24;3.33;640.6337;2;67.32;58129115.0;1;ID58093;1514;False;SEC_POOL_3_fraction20.raw;Q3THW5;dHex Hex(2) HexA HexNAc Sulf;Glycosylation;28.3;PEAKS DB
GDPFLWHLTAISNGQV;GDPFLWHLTAISNGQV;T24861;111.0;2938.5084;16;1.13;969.3367;1;27.82;56833779.0;9;ID72689;3878;False;SEC_POOL_3_fraction12.raw;T24861;dHex Hex(6) HexNAc(3) Sulf;Glycosylation;41.9;PEAKS DB
MKVGEANPKLQKVLDA;MKVGEANPKLQKVLDA;P00915;57.2;2328.442;16;-2.57;487.8699;1;51.52;6698455.0;3;ID94256;6556;False;SEC_POOL_3_fraction19.raw;P00915;dHex Hex(4) HexNAc Pent;Glycosylation;20.3;PEAKS DB
KKYCAPMRCAFFDNQSQ;KKYCAPMRCAFFDNQSQ;U85471;74.2;2660.6326;17;-1.8;1134.0438;1;106.23;65828558.0;7;ID71208;6059;False;SEC_POOL_3_fraction16.raw;U85471;dHex(2) HexNAc(5);Glycosylation;48.6;PEAKS DB
NLRTMYS;NLRTMYS;P82650;64.4;1507.4397;7;-2.99;509.2911;3;67.66;41749041.0;13;ID46894;5896;True;SEC_POOL_3_fraction11.raw;P82650;dHex(2) Hex(2) HexA HexNAc(2) Sulf;Glycosylation;39.3;PEAKS DB
FRVWFKWQGVK;FRVWFKWQGVK;V59506;73.2;1809.6475;11;-1.96;850.635;2;69.19;56199701.0;5;ID67299;7849;False;SEC_POOL_3_fraction2.raw;V59506;Hex(3) HexNAc(7);Glycosylation;21.2;PEAKS DB
RTYVLAADTLEDLR;RTYVLAADTLEDLR;Q9H4M7;56.5;817.6552;14;-3.26;1026.245;4;37.1;49092548.0;6;ID19468;6137;True;SEC_POOL_3_fraction9.raw;Q9H4M7;dHex(3) Hex HexNAc(2) Kdn;Glycosylation;50.6;PEAKS PTM
PFPAITLCNLNPYK;PFPAITLCNLNPYK;P37087;88.6;2789.2844;14;-1.17;1492.8911;3;44.69;68000122.0;15;ID32950;4305;False;SEC_POOL_3_fraction1.raw;P37087;Hex(3) HexNAc(3) Pent;Glycosylation;42.9;PEAKS PTM
PLPVPFTNGEIQKEN;PLPVPFTNGEIQKEN;O14745;68.5;2696.5255;15;-3.04;449.0987;3;46.35;45797384.0;19;ID37160;9123;False;SEC_POOL_3_fraction12.raw;O14745;dHex(2) Hex(4);Glycosylation;7.1;PEAKS DB
HRPFITHGPPVLAFHA;HRPFITHGPPVLAFHA;R52337;34.4;1840.6249;16;-3.65;977.688;3;71.07;9514376.0;9;ID54120;7716;False;SEC_POOL_3_fraction2.raw;R52337;dHex(3) Hex(2) HexA HexNAc(2) Sulf;Glycosylation;37.2;PEAKS DB
RWAIRSNFTTNSCRQPF;RWAIRSNFTTNSCRQPF;S75839;95.4;2187.7506;17;-0.6;539.778;3;30.25;46627804.0;18;ID69776;6268;False;SEC_POOL_3_fraction12.raw;S75839;HexNAc Kdn(2);Glycosylation;24.8;PEAKS DB
WQYLRISWKFLPDSSYINFHDEDDF;WQYLRISWKFLPDSSYINFHDEDDF;S40889;102.0;714.9409;25;-1.06;462.2713;1;61.66;80685844.0;7;ID44972;3752;False;SEC_POOL_3_fraction2.raw;S40889;Hex HexNAc(3) NeuAc;Glycosylation;36.0;PEAKS PTM
QKSLPMMIVYSQSHHVTLFD;QKSLPMMIVYSQSHHVTLFD;T81918;58.1;1178.2868;20;3.19;526.641;4;76.95;62011336.0;3;ID53160;5239;False;SEC_POOL_3_fraction9.raw;T81918;Heptose;Other PTM;47.3;PEAKS DB
VDLHTQAIEGAW;VDLHTQAIEGAW;O92774;41.8;2336.7134;12;-1.94;554.5895;1;81.61;33553973.0;19;ID70953;7547;False;SEC_POOL_3_fraction4.raw;O92774;dHex Hex(4) HexA HexNAc(3) Sulf;Glycosylation;28.0;PEAKS DB
PTFRSPSHR;PTFRSPSHR;O59421;58.8;2343.5872;9;-1.87;691.1296;3;75.55;25164880.0;17;ID67298;9958;False;SEC_POOL_3_fraction12.raw;O59421;Hex(4) HexNAc(4) NeuAc Sulf(2);Glycosylation;40.8;PEAKS DB
EVISWLDANTLAEKDEFEHKRKELE;EVISWLDANTLAEKDEFEHKRKELE;P0DMV9;86.2;1781.8156;25;1.73;896.3981;1;115.89;26326095.0;16;ID27542;3298;False;SEC_POOL_3_fraction5.raw;P0DMV9;Hex(9) Phos(3);Glycosylation;21.7;PEAKS DB
VDVDDGHFVNIE;VDVDDGHFVNIE;Q67174;90.8;1939.2346;12;2.44;1380.577;1;93.53;89876051.0;14;ID37995;7067;True;SEC_POOL_3_fraction15.raw;Q67174;Hex(6) HexNAc(3) Phos;Glycosylation;44.3;PEAKS DB
GITGPIAKLI;GITGPIAKLI;Q96FQ6;56.8;1791.5433;10;-4.63;1356.2131;4;110.88;79981889.0;4;ID47629;4255;False;SEC_POOL_3_fraction2.raw;Q96FQ6;Hex(4) HexNAc(3) NeuGc;Glycosylation;10.6;PEAKS DB
SQAVKDR;SQAVKDR;O15511;59.3;1692.7158;7;3.46;870.4224;1;73.75;4311995.0;9;ID79557;4189;False;SEC_POOL_3_fraction4.raw;O15511;dHex(2) Hex(2) HexNAc(3) NeuGc;Glycosylation;3.1;PEAKS DB
SEKSAFLLSILAFV;SEKSAFLLSILAFV;P53985;80.6;2637.2585;14;0.77;938.0134;4;47.31;68508568.0;6;ID92871;6325;False;SEC_POOL_3_fraction18.raw;P53985;Hex(7) HexNAc(2);Glycosylation;47.8;PEAKS DB
YNCSGEACRGHNRSPLVRRPSLQM;YNCSGEACRGHNRSPLVRRPSLQM;P54802;122.0;2720.1749;24;-1.68;709.2256;1;97.55;58364470.0;2;ID72382;6097;False;SEC_POOL_3_fraction17.raw;P54802;Hex(9) HexNAc(2);Glycosylation;55.9;PEAKS PTM
ITVALADGGRPD;ITVALADGGRPD;P49588;83.0;2037.4349;12;-3.1;1043.317;4;33.01;45755647.0;6;ID24421;4200;False;SEC_POOL_3_fraction12.raw;P49588;dHex(2) Hex(4);Glycosylation;38.9;PEAKS DB
FIGTIQVML;FIGTIQVML;P05026;43.2;1078.1785;9;-0.97;661.1792;2;103.61;82950115.0;3;ID35396;8768;False;SEC_POOL_3_fraction18.raw;P05026;dHex(2) HexNAc(5);Glycosylation;47.7;PEAKS DB
LELVEKSCTH;LELVEKSCTH;Q03405;85.7;2527.888;10;-4.46;690.939;3;66.03;52258169.0;14;ID52457;2676;False;SEC_POOL_3_fraction18.raw;Q03405;dHex Hex(3) HexNAc(3) Pent;Glycosylation;22.5;PEAKS DB
GVIYDGDSTPTAHIRRYNSYMQW;GVIYDGDSTPTAHIRRYNSYMQW;V88167;53.6;751.4252;23;4.93;1457.8128;4;100.47;34852214.0;20;ID65698;8338;True;SEC_POOL_3_fraction3.raw;V88167;dHex(3) Hex(2) HexA HexNAc(2) Sulf;Glycosylation;49.2;PEAKS DB
SVSVENL;SVSVENL;P78552;55.1;2760.9769;7;-0.09;416.063;1;70.02;12032140.0;3;ID68091;4701;False;SEC_POOL_3_fraction6.raw;P78552;dHex(3) Hex(2) HexNAc(2);Glycosylation;7.8;PEAKS DB
VGRPTASKASKEKTPSPKEE;VGRPTASKASKEKTPSPKEE;Q9H1E3;105.5;706.6719;20;4.44;604.3349;4;47.44;35720437.0;1;ID42311;2137;False;SEC_POOL_3_fraction3.raw;Q9H1E3;dHex Hex(3) HexA HexNAc Sulf;Glycosylation;20.1;PEAKS DB
DKFSFDLGKGEVIKAWD;DKFSFDLGKGEVIKAWD;Q02790;21.2;1872.6729;17;-1.35;1328.1664;4;43.2;16318902.0;4;ID42849;8000;False;SEC_POOL_3_fraction19.raw;Q02790;Hex(2) HexNAc NeuGc(2);Glycosylation;10.2;PEAKS DB
KGSFKYAWVLDKLKAE;KGSFKYAWVLDKLKAE;P10126;89.6;720.0848;16;0.41;973.8097;4;93.9;41099725.0;8;ID56574;5281;False;SEC_POOL_3_fraction7.raw;P10126;Hex(3) HexNAc(6) Sulf(2);Glycosylation;2.9;PEAKS PTM
TLVRVCDATYDKAPV;TLVRVCDATYDKAPV;Q12974;84.7;2663.3799;15;4.47;503.8815;4;44.5;71029305.0;5;ID64157;1848;False;SEC_POOL_3_fraction2.raw;Q12974;dHex Hex(3) HexNAc(3) Pent;Glycosylation;24.2;PEAKS DB
STITSREIQTAVRLLLPGE;STITSREIQTAVRLLLPGE;P62807;77.1;2849.2436;19;1.67;635.519;2;41.41;65130180.0;5;ID81148;7113;False;SEC_POOL_3_fraction14.raw;P62807;Hex HexNAc Phos;Glycosylation;2.9;PEAKS DB
ESSKTAPMQVLFSGEAT;ESSKTAPMQVLFSGEAT;Q9NWM0;82.8;2990.3346;17;2.51;1191.6504;2;60.94;41082217.0;8;ID85777;8421;False;SEC_POOL_3_fraction14.raw;Q9NWM0;Hex(7) HexNAc(3) Phos;Glycosylation;43.9;PEAKS PTM
NIETYEIYGYIMKTIPVAKW;NIETYEIYGYIMKTIPVAKW;U65057;64.8;1951.0019;20;-0.28;914.6304;1;41.24;22580653.0;8;ID90260;7052;False;SEC_POOL_3_fraction5.raw;U65057;Gluconoylation;Other PTM;11.7;PEAKS DB
EGNGMINGKGTDSGELEGETKRMKL;EGNGMINGKGTDSGELEGETKRMKL;O22909;29.3;2394.1806;25;-3.77;1075.1364;3;100.04;70916647.0;3;ID54227;1619;False;SEC_POOL_3_fraction17.raw;O22909;dHex Hex(2) HexA HexNAc(2);Glycosylation;4.3;PEAKS DB
AGGMIQRLMQQLLESDKYA;AGGMIQRLMQQLLESDKYA;Q92616;116.7;2042.4762;19;1.57;1124.3005;1;63.51;70610924.0;15;ID14158;1185;False;SEC_POOL_3_fraction6.raw;Q92616;Hex(3) HexNAc(3) Pent;Glycosylation;9.0;PEAKS DB
LLNRMYD;LLNRMYD;Q9UKU0;63.7;2873.5809;7;1.07;1238.6275;2;68.21;22540139.0;18;ID49497;9854;False;SEC_POOL_3_fraction16.raw;Q9UKU0;dHex(2) Hex(2) HexNAc(2) Sulf;Glycosylation;32.6;PEAKS DB
SIMTGYWFNAGEYHHMLM;SIMTGYWFNAGEYHHMLM;V67069;57.5;2101.1583;18;-1.44;1461.0241;3;127.44;24586404.0;20;ID64314;1155;False;SEC_POOL_3_fraction1.raw;V67069;dHex(3) Hex(2) HexNAc(4);Glycosylation;10.0;PEAKS PTM
RIAQAVEKKACNCLLLKV;RIAQAVEKKACNCLLLKV;P13929;60.3;2543.8642;18;2.85;462.4441;1;116.75;55510752.0;20;ID27059;2993;False;SEC_POOL_3_fraction5.raw;P13929;dHex Hex(7) HexNAc(3);Glycosylation;49.1;PEAKS DB
EINKIMISPTGAS;EINKIMISPTGAS;R30099;67.2;2775.6492;13;1.5;784.7826;2;44.33;48519580.0;8;ID22395;7583;False;SEC_POOL_3_fraction12.raw;R30099;Hex1HexNAc1dHex1;Glycosylation;17.2;PEAKS DB
WSEQTPHRHNRTPENF;WSEQTPHRHNRTPENF;Q01177;64.7;2699.5649;16;-3.91;1207.6076;2;53.92;46808030.0;9;ID63706;2919;True;SEC_POOL_3_fraction8.raw;Q01177;dHex Hex HexNAc(2) NeuAc(2);Glycosylation;37.7;PEAKS DB
FISDIRN;FISDIRN;O95782;90.0;2054.0546;7;1.06;1476.241;1;121.01;1998009.0;15;ID89420;1361;False;SEC_POOL_3_fraction14.raw;O95782;dHex Hex(2) HexNAc(2) NeuGc(3);Glycosylation;16.0;PEAKS PTM
RIPSVWRWIVQRKCQNYH;RIPSVWRWIVQRKCQNYH;U33862;22.9;1817.4074;18;-0.01;501.4151;3;15.79;59174804.0;6;ID41060;3868;False;SEC_POOL_3_fraction17.raw;U33862;dHex Hex(2) HexNAc(4);Glycosylation;44.9;PEAKS DB
YECRNEMIYLQMHH;YECRNEMIYLQMHH;V58740;55.2;2536.8436;14;-0.6;1386.3417;4;99.75;57290251.0;17;ID48432;3599;True;SEC_POOL_3_fraction17.raw;V58740;dHex Hex(4) HexNAc(3) Sulf;Glycosylation;25.5;PEAKS DB
LKWMTTDHLWGLTKWDHLLYSQTL;LKWMTTDHLWGLTKWDHLLYSQTL;T22991;34.0;1429.6938;24;4.35;665.748;3;88.85;72345254.0;15;ID21525;3399;False;SEC_POOL_3_fraction19.raw;T22991;Hex(2) NeuAc;Glycosylation;32.2;PEAKS DB
ESFEGQMTEDNI;ESFEGQMTEDNI;P25787;30.2;2983.8426;12;-0.91;1300.1336;1;14.73;25668085.0;20;ID43174;9489;False;SEC_POOL_3_fraction9.raw;P25787;dHex(2) Hex(3) HexA HexNAc(3) Sulf;Glycosylation;30.0;PEAKS PTM
SYKENHLAASSVPDQKL;SYKENHLAASSVPDQKL;Q53SF7;125.6;2516.3105;17;-4.6;1157.6131;1;49.5;74960862.0;11;ID79626;6058;False;SEC_POOL_3_fraction7.raw;Q53SF7;Hex(2) HexNAc;Glycosylation;9.2;PEAKS DB
KDASGNKVKAEPAKIEA;KDASGNKVKAEPAKIEA;P00558;68.0;2277.1887;17;3.48;972.3943;3;83.43;18761262.0;2;ID91448;7468;True;SEC_POOL_3_fraction16.raw;P00558;dHex Hex(3) HexNAc(4) Pent(3);Glycosylation;51.6;PEAKS DB
NFKLLGNVMVIILATHF;NFKLLGNVMVIILATHF;P02100;69.7;1507.2952;17;0.07;1153.438;1;74.51;51371646.0;7;ID80538;9629;False;SEC_POOL_3_fraction1.raw;P02100;Hex1HexNAc2dHex2;Glycosylation;31.5;PEAKS DB
TQILTGLFLAMHYTSDIATA;TQILTGLFLAMHYTSDIATA;O79711;70.1;982.0508;20;-3.01;1059.425;1;74.76;38670247.0;2;ID39696;3726;False;SEC_POOL_3_fraction7.raw;O79711;dHex Hex(3) HexA HexNAc Sulf;Glycosylation;33.7;PEAKS DB
YRVNPKEHWDGDPNFMLIESL;YRVNPKEHWDGDPNFMLIESL;S31653;25.1;2994.1892;21;-2.41;1254.5489;3;111.3;61073623.0;19;ID46291;7027;False;SEC_POOL_3_fraction3.raw;S31653;dHex Hex(2) HexNAc(3) NeuAc;Glycosylation;21.4;PEAKS DB
KPFNDTFHLPVDQRRIVGQHAT;KPFNDTFHLPVDQRRIVGQHAT;S86852;38.2;2480.1686;22;2.47;901.4229;2;107.51;72220342.0;4;ID67837;2463;False;SEC_POOL_3_fraction17.raw;S86852;Hex(2) HexNAc(4);Glycosylation;38.4;PEAKS DB
IVNMLEGSGRQSRNLKP;IVNMLEGSGRQSRNLKP;P16157;75.6;1391.9825;17;2.53;664.5504;4;62.14;75357119.0;18;ID65385;7880;False;SEC_POOL_3_fraction6.raw;P16157;Hex(6) Phos(3);Glycosylation;51.0;PEAKS DB
LDEVLQTHSVFVNVSKG;LDEVLQTHSVFVNVSKG;Q9Y3A5;91.9;2019.1859;17;-3.07;476.017;1;99.59;35064720.0;5;ID80410;7994;True;SEC_POOL_3_fraction11.raw;Q9Y3A5;dHex Hex HexNAc(3);Glycosylation;4.0;PEAKS DB
ATGPLSTPETPPRQPEPPSLVA;ATGPLSTPETPPRQPEPPSLVA;Q9Y3Q4;90.0;2581.0134;22;2.15;807.6877;1;44.9;3690517.0;5;ID96337;9482;False;SEC_POOL_3_fraction16.raw;Q9Y3Q4;Hex(6) HexNAc(2) Phos;Glycosylation;41.4;PEAKS DB
AGLVLGLGCERRTPAEEVIALAER;AGLVLGLGCERRTPAEEVIALAER;P21635;85.5;2695.8117;24;-4.41;713.6281;4;50.65;85342755.0;7;ID37677;5221;True;SEC_POOL_3_fraction20.raw;P21635;dHex Hex(2) HexA HexNAc;Glycosylation;8.1;PEAKS DB
DFCAPHH;DFCAPHH;Q09375;120.9;1915.5915;7;-1.72;839.4127;4;50.17;90792543.0;18;ID17407;1325;True;SEC_POOL_3_fraction15.raw;Q09375;Hex(2) HexNAc(3) NeuAc(2);Glycosylation;30.5;PEAKS DB
PRAQLLLK;PRAQLLLK;P05362;20.7;1324.3999;8;3.42;567.6132;4;101.62;57722818.0;16;ID99632;2723;False;SEC_POOL_3_fraction20.raw;P05362;HexNAcylation (ST);Glycosylation;1.3;PEAKS PTM
RASEDEVTCP;RASEDEVTCP;Q9Y4Z2;97.6;1581.0663;10;-1.03;1002.0467;4;15.75;45451734.0;18;ID20431;1354;False;SEC_POOL_3_fraction16.raw;Q9Y4Z2;Hex(7) HexNAc(3);Glycosylation;16.7;PEAKS DB
RVSDRRWKMRQGH;RVSDRRWKMRQGH;V66117;34.9;2297.9486;13;-3.65;1147.1446;2;78.36;21185143.0;19;ID63719;6024;False;SEC_POOL_3_fraction2.raw;V66117;dHex Hex(2) HexNAc(4) NeuAc(2);Glycosylation;29.5;PEAKS DB
MRTYCIEVWPN;MRTYCIEVWPN;V95522;93.0;1216.9298;11;4.65;651.8935;1;128.23;59346571.0;13;ID57256;9930;True;SEC_POOL_3_fraction13.raw;V95522;Hexosamine;Glycosylation;41.4;PEAKS DB
VDFDYDFEMDGQDYSD;VDFDYDFEMDGQDYSD;O04256;92.8;1223.2998;16;-0.16;867.7249;4;72.44;90610260.0;16;ID44960;2997;False;SEC_POOL_3_fraction18.raw;O04256;Hex HexNAc(2) NeuAc(2) Sulf;Glycosylation;9.1;PEAKS DB
VVDMVAGAHWGVLAGL;VVDMVAGAHWGVLAGL;O72918;85.4;1447.5465;16;1.84;429.7401;2;50.34;14273637.0;7;ID33561;1487;False;SEC_POOL_3_fraction20.raw;O72918;dHex(2) HexNAc(5);Glycosylation;14.7;PEAKS PTM
NPNLPRLVRPEVDVMCTAFHD;NPNLPRLVRPEVDVMCTAFHD;P02768;83.5;977.1651;21;-3.73;401.1238;4;118.07;83287821.0;16;ID70238;7691;False;SEC_POOL_3_fraction13.raw;P02768;Hex(3) HexNAc;Glycosylation;35.3;PEAKS PTM
NSSQVSQNYPIVQNLQG;NSSQVSQNYPIVQNLQG;Q79905;67.6;2877.2992;17;-0.23;953.9161;3;95.49;34735596.0;18;ID66970;5719;True;SEC_POOL_3_fraction18.raw;Q79905;Hex(5) HexNAc(4) Me(2) Pent;Glycosylation;35.0;PEAKS PTM
MRTSMFPGERLLWMNYCRESEKKI;MRTSMFPGERLLWMNYCRESEKKI;U45718;91.8;1251.1242;24;4.58;989.6256;3;93.31;86726348.0;16;ID90564;5672;False;SEC_POOL_3_fraction17.raw;U45718;dHex Hex(3) HexNAc(3) NeuAc(2);Glycosylation;44.8;PEAKS PTM
TSTDSFHEVYPQQCG;TSTDSFHEVYPQQCG;V84569;69.6;1234.6046;15;-1.51;1177.2188;3;26.35;46841818.0;7;ID45359;5778;False;SEC_POOL_3_fraction17.raw;V84569;dHex(4) Hex HexNAc(2) Kdn;Glycosylation;19.5;PEAKS DB
FKFVAYSVVGSSVIATAFLCVTL;FKFVAYSVVGSSVIATAFLCVTL;Q20744;78.9;907.1438;23;-2.59;1402.9599;1;55.78;66660644.0;2;ID33496;8341;False;SEC_POOL_3_fraction14.raw;Q20744;dHex Hex HexNAc Kdn;Glycosylation;10.3;PEAKS DB
TNDIFNKKLILKGYEENFV;TNDIFNKKLILKGYEENFV;O66609;23.2;1919.1889;19;0.21;1295.6921;1;109.5;38292206.0;15;ID92508;9015;True;SEC_POOL_3_fraction17.raw;O66609;dHex(3) Hex(2) HexA HexNAc(2) Sulf;Glycosylation;14.7;PEAKS DB
YAEDEVVAVSKLGDIEY;YAEDEVVAVSKLGDIEY;P68066;31.5;1713.2835;17;-1.76;1462.7808;3;110.16;82963538.0;15;ID84086;3925;False;SEC_POOL_3_fraction20.raw;P68066;Hex2HexNAc2dHex1;Glycosylation;47.8;PEAKS DB
DTKQAHELA;DTKQAHELA;P01111;103.9;1189.5966;9;-4.85;937.9547;3;24.37;39484258.0;20;ID64763;9715;False;SEC_POOL_3_fraction17.raw;P01111;Hex(3) HexNAc Me;Glycosylation;42.5;PEAKS DB
FAILKCNDK;FAILKCNDK;Q73402;62.6;1458.1617;9;1.44;1110.6875;3;41.98;77444500.0;1;ID97975;8535;False;SEC_POOL_3_fraction15.raw;Q73402;dHex(2) Hex(3) HexNAc(4) Pent;Glycosylation;37.3;PEAKS PTM
IMTYVSSFYHAFSGAQKAETAAN;IMTYVSSFYHAFSGAQKAETAAN;O43707;81.5;2861.3986;23;-2.81;525.2324;3;117.5;99114538.0;10;ID84358;3625;True;SEC_POOL_3_fraction2.raw;O43707;Ac(2) Hex HexNAc NeuAc(2);Glycosylation;12.3;PEAKS DB
LQDNIADAVACAK;LQDNIADAVACAK;P61626;39.8;823.7425;13;2.9;1308.0874;4;73.86;49631942.0;16;ID73397;6608;False;SEC_POOL_3_fraction3.raw;P61626;dHex(2) Hex(4);Glycosylation;48.2;PEAKS DB
RVMVSRAEIDMLDIRAHFKRLYG;RVMVSRAEIDMLDIRAHFKRLYG;P09525;110.5;2009.5839;23;3.45;1444.9311;4;91.43;2367937.0;13;ID39359;8875;False;SEC_POOL_3_fraction2.raw;P09525;Hex(2) HexNAc(2) NeuAc(2) Sulf;Glycosylation;0.3;PEAKS DB
ESESEDS;ESESEDS;P35659;21.5;1796.9066;7;-0.64;1150.7898;3;27.92;85366638.0;16;ID89474;7026;True;SEC_POOL_3_fraction4.raw;P35659;Hex(6) HexNAc(2);Glycosylation;46.7;PEAKS DB
IFTFGMKIPSGL;IFTFGMKIPSGL;P51795;50.2;866.632;12;-1.69;1454.8105;3;103.99;79022398.0;13;ID98078;3677;False;SEC_POOL_3_fraction13.raw;P51795;dHex(3) Hex(3) HexNAc(4) Pent;Glycosylation;52.0;PEAKS DB
HFPTCTTQDLPQKDHAMPKVD;HFPTCTTQDLPQKDHAMPKVD;T68277;49.9;2807.8457;21;-2.99;1402.0958;1;37.7;23853872.0;11;ID69778;2707;False;SEC_POOL_3_fraction10.raw;T68277;dHex Hex(5) HexNAc(4) Sulf;Glycosylation;28.1;PEAKS DB
DYGSNYL;DYGSNYL;P15515;38.9;1906.0707;7;-3.09;852.8671;1;111.11;52451955.0;12;ID43082;7385;False;SEC_POOL_3_fraction11.raw;P15515;Hex3HexNAc2P1;Glycosylation;3.9;PEAKS PTM
EHLRNKTE;EHLRNKTE;Q9BV40;60.2;1084.2352;8;2.86;988.2657;2;26.67;5048152.0;8;ID14991;7239;False;SEC_POOL_3_fraction12.raw;Q9BV40;dHex(3) Hex(4) HexNAc(4) Sulf;Glycosylation;10.9;PEAKS DB
MVSNIELPTRIHEEV;MVSNIELPTRIHEEV;O15320;122.0;1983.8118;15;-3.91;1247.3082;4;80.04;37602060.0;2;ID90278;5910;False;SEC_POOL_3_fraction20.raw;O15320;Hex(5) HexNAc(4) NeuGc;Glycosylation;2.6;PEAKS DB
VWTVFREPIQLHREQILAF;VWTVFREPIQLHREQILAF;P22748;67.9;2388.8889;19;0.18;855.7764;4;70.96;14505861.0;6;ID62730;9268;True;SEC_POOL_3_fraction16.raw;P22748;Hex(5) HexNAc(5);Glycosylation;22.3;PEAKS DB
NTGNKICQFKLVLLGESAVGKSSL;NTGNKICQFKLVLLGESAVGKSSL;P20339;96.5;2387.1532;24;-4.33;1496.6576;2;67.76;64622204.0;18;ID52225;6769;False;SEC_POOL_3_fraction3.raw;P20339;dHex(2) Hex(3) HexNAc(6);Glycosylation;26.1;PEAKS DB
IDQDFPAKSQWNDGPCWV;IDQDFPAKSQWNDGPCWV;S83247;108.3;1621.8345;18;-4.5;694.3988;1;52.5;30020271.0;5;ID29725;2287;False;SEC_POOL_3_fraction5.raw;S83247;dHex Hex(2) HexNAc(2) Sulf;Glycosylation;32.3;PEAKS DB
TPASSIIGSSTASLEI;TPASSIIGSSTASLEI;O13511;31.1;2412.9915;16;0.28;1057.0406;2;57.04;11409767.0;20;ID10766;3021;False;SEC_POOL_3_fraction5.raw;O13511;dHex(2) Hex(2) HexNAc(4);Glycosylation;42.8;PEAKS PTM
YLATVFEKKDKNEDKKIDFSEFLSL;YLATVFEKKDKNEDKKIDFSEFLSL;Q86SG5;56.5;2440.236;25;-0.52;647.6384;2;38.1;94265016.0;13;ID52679;8702;False;SEC_POOL_3_fraction15.raw;Q86SG5;HexNAc2;Glycosylation;16.1;PEAKS PTM
QPLPKAGQFG;QPLPKAGQFG;Q59544;56.5;722.7742;10;-3.59;1238.6416;1;69.78;30095345.0;6;ID74657;2631;False;SEC_POOL_3_fraction20.raw;Q59544;Hex(4) HexNAc(4) Me(2) Pent;Glycosylation;15.6;PEAKS DB
QVIPCQQVDTERYHHYHAPVALMHP;QVIPCQQVDTERYHHYHAPVALMHP;Q04263;104.2;1230.966;25;-3.95;1433.3674;3;71.65;33702059.0;2;ID38057;4555;False;SEC_POOL_3_fraction14.raw;Q04263;Hex NeuAc;Glycosylation;4.4;PEAKS DB
SIQEFNWHGMTL;SIQEFNWHGMTL;U61098;75.4;2631.6046;12;0.33;1067.7701;3;106.65;48093173.0;18;ID25970;8076;False;SEC_POOL_3_fraction15.raw;U61098;Hex(2) HexNAc(2) NeuAc Sulf;Glycosylation;17.9;PEAKS PTM
ADLPGRFNNPGWFR;ADLPGRFNNPGWFR;Q5BN46;27.0;2793.8481;14;3.89;867.3066;2;107.63;48248430.0;13;ID43604;8811;False;SEC_POOL_3_fraction19.raw;Q5BN46;Hex(3) HexNAc(6);Glycosylation;18.9;PEAKS DB
NENATDS;NENATDS;S67269;27.1;1930.7243;7;-3.19;582.9898;4;52.7;100932961.0;17;ID30829;7716;False;SEC_POOL_3_fraction5.raw;S67269;dHex Hex HexNAc(2) Sulf;Glycosylation;0.1;PEAKS DB
WMRPRSEWPREPQVPLYV;WMRPRSEWPREPQVPLYV;Q9H6S3;46.7;2787.6682;18;0.21;1059.2216;2;116.55;40719711.0;7;ID92833;4141;False;SEC_POOL_3_fraction10.raw;Q9H6S3;Hex(3) HexNAc(3) NeuAc(2) Sulf;Glycosylation;22.7;PEAKS DB
DVFREATTDFTVDSRPLTQVGG;DVFREATTDFTVDSRPLTQVGG;O75369;60.5;1502.0518;22;-1.65;629.7162;4;59.52;77354665.0;10;ID37342;5105;False;SEC_POOL_3_fraction3.raw;O75369;Hex1HexNAc2dHex1Pent1;Glycosylation;33.8;PEAKS DB
NHYVRLMHDYAF;NHYVRLMHDYAF;V46446;100.9;728.9283;12;4.75;1251.2706;2;56.99;721728.0;15;ID91574;4291;False;SEC_POOL_3_fraction4.raw;V46446;Hex(3) Phos;Glycosylation;40.0;PEAKS DB
FDLESAYNAF;FDLESAYNAF;Q9UK41;60.5;1488.974;10;-2.37;1427.7127;3;91.88;39674237.0;16;ID39731;9691;False;SEC_POOL_3_fraction18.raw;Q9UK41;Hex NeuAc;Glycosylation;29.9;PEAKS DB
KQIKTLIEKTNEERKTLLSNLEEA;KQIKTLIEKTNEERKTLLSNLEEA;P10909;36.3;1673.9709;24;-2.71;941.3175;4;40.47;62747465.0;18;ID98007;6966;False;SEC_POOL_3_fraction4.raw;P10909;Hex2HexNAc2;Glycosylation;47.4;PEAKS DB
GVDGFQFRD;GVDGFQFRD;P10852;95.8;2124.3941;9;3.96;1492.4803;2;88.33;75709149.0;8;ID91741;2159;False;SEC_POOL_3_fraction5.raw;P10852;dHex Hex HexNAc(2) Sulf;Glycosylation;21.5;PEAKS DB
VWKEGCNTHQHR;VWKEGCNTHQHR;T64923;31.1;1857.7578;12;-2.43;1315.918;2;21.25;12445160.0;7;ID30782;6114;False;SEC_POOL_3_fraction12.raw;T64923;dHex Hex(2) HexA HexNAc;Glycosylation;36.0;PEAKS DB
TYYWPRPRRYVQP;TYYWPRPRRYVQP;P0CL80;124.0;2518.6507;13;-4.0;1226.1354;4;52.76;29427260.0;15;ID69062;4455;False;SEC_POOL_3_fraction11.raw;P0CL80;Hex1HexNAc1;Glycosylation;36.4;PEAKS DB
VDAFDQAW;VDAFDQAW;P38918;67.0;2357.0831;8;0.61;699.3766;4;64.34;77406758.0;16;ID28422;3488;False;SEC_POOL_3_fraction19.raw;P38918;HexNAc NeuAc;Glycosylation;1.4;PEAKS PTM
VCDIPPRGLKMAATFIGNSTAI;VCDIPPRGLKMAATFIGNSTAI;P04350;49.7;2058.0267;22;-0.62;773.6748;2;65.4;92508837.0;16;ID29910;1905;False;SEC_POOL_3_fraction16.raw;P04350;Hex(2) HexNAc Sulf;Glycosylation;28.4;PEAKS DB
QRFFESFGDLSSPDAVMGNPKVKAH;QRFFESFGDLSSPDAVMGNPKVKAH;P02042;19.7;1984.409;25;-4.7;1466.1547;3;92.78;45542824.0;5;ID96292;2826;False;SEC_POOL_3_fraction14.raw;P02042;dHex(2) Hex(4) HexNAc(4) Pent;Glycosylation;36.9;PEAKS PTM
NMERIMKAQAL;NMERIMKAQAL;P07900;86.4;1382.1144;11;-4.5;917.6673;2;14.72;93462221.0;14;ID81185;8851;True;SEC_POOL_3_fraction8.raw;P07900;Hex(5) HexNAc(5);Glycosylation;41.3;PEAKS DB
LGCIIPF;LGCIIPF;R61919;90.7;1573.8536;7;3.15;1081.0587;1;57.89;19750038.0;8;ID46161;8831;False;SEC_POOL_3_fraction15.raw;R61919;Hex Pent(2);Glycosylation;2.1;PEAKS PTM
KIDLENRQVATKRAQAWCYS;KIDLENRQVATKRAQAWCYS;P51149;92.7;2610.9303;20;-0.86;1386.3777;1;11.07;59980457.0;16;ID56487;8957;False;SEC_POOL_3_fraction1.raw;P51149;dHex(3) Hex(2) HexNAc(2) Kdn;Glycosylation;11.8;PEAKS PTM
FSWSDWWSSPGF;FSWSDWWSSPGF;P06858;32.3;1552.3981;12;4.38;699.4082;2;56.83;73443766.0;12;ID98028;7310;False;SEC_POOL_3_fraction5.raw;P06858;Hex(6) Phos;Glycosylation;36.8;PEAKS DB
HHEDRAGHGHSADSSRQSGTRHT;HHEDRAGHGHSADSSRQSGTRHT;P20930;88.8;1437.407;23;-2.52;610.2542;3;88.12;40000530.0;4;ID19519;4120;False;SEC_POOL_3_fraction3.raw;P20930;dHex Hex(2) HexNAc(4);Glycosylation;17.5;PEAKS DB
KEGSEYRVKIHFKVNRDI;KEGSEYRVKIHFKVNRDI;P52566;40.2;1523.7597;18;1.51;453.8374;3;88.98;31924133.0;6;ID56151;5851;True;SEC_POOL_3_fraction12.raw;P52566;dHex(2) Hex(4) HexNAc;Glycosylation;38.2;PEAKS DB
VVEHDFIMATYLADRVIVFDGVPS;VVEHDFIMATYLADRVIVFDGVPS;P61221;59.3;835.6306;24;3.68;1297.6718;2;46.73;78783408.0;18;ID67825;6799;False;SEC_POOL_3_fraction1.raw;P61221;Hex(7) HexNAc;Glycosylation;40.4;PEAKS DB
AKKDFCWQASKHWKAP;AKKDFCWQASKHWKAP;S36542;118.8;2554.3303;16;-3.49;1278.7484;3;44.34;70246851.0;19;ID27476;7122;True;SEC_POOL_3_fraction19.raw;S36542;Hex(2) HexNAc(2) NeuAc Sulf;Glycosylation;6.9;PEAKS PTM
PIALHEMDTSNGVLLPFYD;PIALHEMDTSNGVLLPFYD;Q9ULV4;123.5;805.6913;19;-0.83;866.3061;3;22.82;5797292.0;4;ID87606;7570;False;SEC_POOL_3_fraction4.raw;Q9ULV4;Hex(3) HexNAc(3) NeuGc Sulf;Glycosylation;12.0;PEAKS PTM
EKRKLFIHSMGEGTINGL;EKRKLFIHSMGEGTINGL;Q5EG05;76.2;2837.3764;18;-4.69;979.9378;3;49.5;11290611.0;6;ID81102;5794;False;SEC_POOL_3_fraction9.raw;Q5EG05;Biantennary;Other PTM;5.4;PEAKS DB
VSEPHITASSLEWVDPDSSLKD;VSEPHITASSLEWVDPDSSLKD;O10650;82.3;2520.1757;22;-1.52;1254.2421;4;95.13;45537098.0;20;ID19568;9711;False;SEC_POOL_3_fraction4.raw;O10650;dHex Hex HexNAc(4);Glycosylation;12.2;PEAKS DB
GDRNDKIYWFGNIGWF;GDRNDKIYWFGNIGWF;S66078;71.9;2833.4905;16;2.56;1378.3121;3;109.48;82841259.0;11;ID51061;3093;False;SEC_POOL_3_fraction8.raw;S66078;Hex(4) HexNAc(4) Sulf;Glycosylation;17.3;PEAKS DB
RPPEAVAAAPAGTTS;RPPEAVAAAPAGTTS;Q96JP5;22.9;2329.3982;15;1.09;1182.4518;2;100.86;30224562.0;16;ID39849;8467;True;SEC_POOL_3_fraction15.raw;Q96JP5;Hex(3) HexNAc Me;Glycosylation;26.6;PEAKS DB
KVDEMPY;KVDEMPY;V92962;95.6;1368.766;7;-3.5;530.274;3;72.72;3035265.0;7;ID10533;5873;False;SEC_POOL_3_fraction19.raw;V92962;dHex(3) Hex HexNAc(2) Kdn;Glycosylation;35.5;PEAKS DB
KKHPERSELLSHLRHATAQPAS;KKHPERSELLSHLRHATAQPAS;Q86YN6;54.4;839.083;22;-3.8;1169.1486;3;60.86;69107792.0;6;ID81974;7388;False;SEC_POOL_3_fraction13.raw;Q86YN6;dHex Hex(3) HexA HexNAc;Glycosylation;40.6;PEAKS DB
RVGEAPGLQQPQPRGIRGSSAA;RVGEAPGLQQPQPRGIRGSSAA;P42684;29.8;1513.8928;22;-0.39;1354.4734;3;35.27;7472173.0;20;ID47922;8766;False;SEC_POOL_3_fraction1.raw;P42684;dHex(2) Hex(4) HexNAc(5);Glycosylation;40.3;PEAKS PTM
PMISLPANLKLVSMKPG;PMISLPANLKLVSMKPG;S48266;56.8;1397.0787;17;-2.68;932.9548;1;24.27;44678086.0;2;ID87650;5990;False;SEC_POOL_3_fraction12.raw;S48266;Hex1HexNAc2dHex2;Glycosylation;34.4;PEAKS DB
PVDFVNAADESRKKINSWVES;PVDFVNAADESRKKINSWVES;Q9UIV8;59.3;1779.6877;21;2.66;865.4198;3;46.93;12795975.0;8;ID13888;1286;False;SEC_POOL_3_fraction7.raw;Q9UIV8;dHex Hex(4) HexNAc(3) NeuAc;Glycosylation;14.0;PEAKS DB
YALQRLKNTYRTESASTIKEIMMPS;YALQRLKNTYRTESASTIKEIMMPS;S75530;27.7;1114.4254;25;2.16;1372.7857;3;97.17;49486293.0;4;ID94792;4372;False;SEC_POOL_3_fraction13.raw;S75530;dHex(2) HexNAc(7);Glycosylation;15.6;PEAKS DB
VAVFEDHVWFSDWTMPSVI;VAVFEDHVWFSDWTMPSVI;O62759;102.5;2105.4525;19;-0.93;482.1324;1;51.27;26793395.0;13;ID65102;5729;True;SEC_POOL_3_fraction5.raw;O62759;dHex Hex(2) HexNAc(2) NeuAc Sulf;Glycosylation;37.0;PEAKS DB
WTYSWLGWST;WTYSWLGWST;S49715;36.5;2567.281;10;2.36;421.7706;2;108.87;82409293.0;5;ID51672;8890;False;SEC_POOL_3_fraction12.raw;S49715;dHex(3) Hex(2) HexNAc(3) Kdn;Glycosylation;26.5;PEAKS DB
EFNDINKIIIRQPI;EFNDINKIIIRQPI;Q6P2Q9;105.6;2458.9351;14;4.05;1369.0022;4;29.39;71367868.0;17;ID69759;7593;True;SEC_POOL_3_fraction20.raw;Q6P2Q9;Hex(6) HexNAc(2);Glycosylation;34.0;PEAKS DB
SSFYHAFSGAQK;SSFYHAFSGAQK;A5D7D1;32.5;1123.5145;12;-2.53;1172.1437;3;84.6;101624018.0;13;ID88278;6580;True;SEC_POOL_3_fraction8.raw;A5D7D1;Hex(6) HexNAc(5);Glycosylation;46.5;PEAKS PTM
IYWLDNHTDTSFGRYQYQIAQV;IYWLDNHTDTSFGRYQYQIAQV;S38197;62.7;766.4859;22;-0.63;1499.6569;4;11.44;9808372.0;15;ID58137;1927;False;SEC_POOL_3_fraction13.raw;S38197;dHex Hex HexNAc(3) Sulf;Glycosylation;43.5;PEAKS DB
AMKDYTKAMDVYQKA;AMKDYTKAMDVYQKA;P31948;37.9;743.6255;15;-0.11;1349.1416;2;35.72;51766691.0;3;ID11668;7632;True;SEC_POOL_3_fraction5.raw;P31948;Hex(2) HexNAc(3);Glycosylation;17.1;PEAKS DB
EVVLALLKTPAQFDADELRAAM;EVVLALLKTPAQFDADELRAAM;P04083;109.2;1015.2229;22;-3.85;1184.5;3;101.28;83260701.0;13;ID94585;4480;False;SEC_POOL_3_fraction15.raw;P04083;dHex(2) Hex(4) HexNAc(2);Glycosylation;43.3;PEAKS PTM
MKAESRDIPIWGTLIQYIR;MKAESRDIPIWGTLIQYIR;Q8NF37;102.1;1251.7341;19;-3.64;959.8186;3;111.79;104040766.0;15;ID46240;6987;False;SEC_POOL_3_fraction12.raw;Q8NF37;Pentose;Other PTM;2.9;PEAKS DB
RRELAKMKQ;RRELAKMKQ;P08134;26.7;805.4793;9;1.29;1186.2071;3;36.13;36766913.0;7;ID44859;3304;False;SEC_POOL_3_fraction1.raw;P08134;Hex(6) HexNAc(4) Me(3) Pent;Glycosylation;14.6;PEAKS DB
ELTRLYLTIHSDH;ELTRLYLTIHSDH;O75390;30.2;1575.3861;13;-0.94;1401.5932;4;96.58;24118930.0;14;ID96413;6792;True;SEC_POOL_3_fraction10.raw;O75390;Hex(4) HexNAc(2) NeuAc;Glycosylation;42.9;PEAKS DB
LNGLTGKPVMVK;LNGLTGKPVMVK;P62306;73.8;2455.0642;12;1.09;1481.5962;3;97.93;102979985.0;12;ID16807;9416;False;SEC_POOL_3_fraction5.raw;P62306;dHex Hex(5) HexNAc(3) NeuGc;Glycosylation;8.7;PEAKS DB
FWEMCYWIWYCGRMCSEPPDVVKTP;FWEMCYWIWYCGRMCSEPPDVVKTP;U33502;77.9;2065.1406;25;1.98;1349.8835;4;65.11;102885474.0;4;ID56533;6728;False;SEC_POOL_3_fraction9.raw;U33502;dHex Hex(7) HexNAc(3) Phos;Glycosylation;43.6;PEAKS DB
GYKGSCFHRIIPGFMCQG;GYKGSCFHRIIPGFMCQG;P62937;60.6;1549.9355;18;1.3;1337.3596;1;94.56;54463549.0;17;ID19408;9986;False;SEC_POOL_3_fraction2.raw;P62937;dHex Hex(2) HexNAc(4) NeuAc(2);Glycosylation;29.6;PEAKS DB
QEERKKQAEEMKQRKAAFK;QEERKKQAEEMKQRKAAFK;Q96C19;40.8;2421.8657;19;-3.16;927.216;1;53.44;15034749.0;14;ID67891;9820;True;SEC_POOL_3_fraction4.raw;Q96C19;dHex Hex(3) HexNAc(3);Glycosylation;46.0;PEAKS PTM
KTITLEVEPSDTIENVKAKIQ;KTITLEVEPSDTIENVKAKIQ;P0CG49;82.8;2939.7089;21;-4.63;1352.1542;3;87.5;47505528.0;11;ID88594;9221;False;SEC_POOL_3_fraction19.raw;P0CG49;Hex1HexNAc1NeuAc1;Glycosylation;42.0;PEAKS DB
MPEVNKVLDKMKSFCQ;MPEVNKVLDKMKSFCQ;P06744;52.4;1761.5006;16;-2.51;740.2043;1;50.67;52492304.0;20;ID62559;5352;False;SEC_POOL_3_fraction3.raw;P06744;dHex Hex(5) HexNAc(3);Glycosylation;20.7;PEAKS DB
LTESPKYIQKQIS;LTESPKYIQKQIS;Q8NC51;42.6;2527.8706;13;-1.03;1316.7271;2;104.72;4488814.0;5;ID52346;8531;True;SEC_POOL_3_fraction3.raw;Q8NC51;dHex Hex(5) HexNAc(5);Glycosylation;19.9;PEAKS DB
MDRPWCLPNEMM;MDRPWCLPNEMM;S32521;99.1;2645.9937;12;-4.06;695.1339;4;89.02;235501.0;6;ID16182;9682;False;SEC_POOL_3_fraction17.raw;S32521;dHex Hex(2) HexA;Glycosylation;8.0;PEAKS PTM
NKTFPQRFLVSDRFW;NKTFPQRFLVSDRFW;Q9UHL4;96.3;2775.9095;15;1.39;891.3379;3;30.84;47467211.0;8;ID85686;1786;True;SEC_POOL_3_fraction11.raw;Q9UHL4;Hex HexA HexNAc(2);Glycosylation;26.7;PEAKS DB
EMDDFVVNPLCFNPCAEWGDH;EMDDFVVNPLCFNPCAEWGDH;U74465;88.8;1358.195;21;-1.25;1112.3108;3;53.54;2599899.0;5;ID20225;9372;True;SEC_POOL_3_fraction18.raw;U74465;dHex Hex HexNAc(3) NeuAc Sulf;Glycosylation;47.0;PEAKS DB
KLVGCKSKKGLSSSS;KLVGCKSKKGLSSSS;Q13690;131.3;2488.5874;15;-1.61;401.3892;2;65.87;22852363.0;1;ID58221;5931;False;SEC_POOL_3_fraction9.raw;Q13690;Hex HexNAc Sulf;Glycosylation;5.9;PEAKS DB
SSAPGPLELDLTG;SSAPGPLELDLTG;P52565;34.0;1197.1014;13;-1.63;414.7403;4;57.62;10344816.0;17;ID34902;9274;False;SEC_POOL_3_fraction5.raw;P52565;Hex(5) Phos;Glycosylation;38.3;PEAKS DB
LQPCTNKCYCKKCCYH;LQPCTNKCYCKKCCYH;Q02838;47.2;2833.9837;16;-4.9;1219.6588;1;62.07;33434334.0;15;ID63246;6504;False;SEC_POOL_3_fraction11.raw;Q02838;dHex(2) Hex HexNAc Kdn;Glycosylation;50.7;PEAKS DB
ADDLGKGGNEESTKTGN;ADDLGKGGNEESTKTGN;P00441;60.9;942.8811;17;2.88;912.1279;4;48.48;48500896.0;1;ID26929;1310;False;SEC_POOL_3_fraction15.raw;P00441;Hex(6) HexNAc(2);Glycosylation;18.8;PEAKS PTM
RNARKHFEK;RNARKHFEK;Q5VZM2;63.3;1886.318;9;-2.46;822.3736;3;104.74;71927694.0;11;ID11463;4729;False;SEC_POOL_3_fraction8.raw;Q5VZM2;Hex Pent(2);Glycosylation;0.8;PEAKS DB
LEVLIGFETNNK;LEVLIGFETNNK;Q3ZBG9;67.3;2248.6779;12;1.31;869.4323;1;106.17;90947523.0;13;ID55370;2647;True;SEC_POOL_3_fraction4.raw;Q3ZBG9;Hex(3) HexNAc;Glycosylation;4.7;PEAKS DB
FTNQIQAAFREPRLLVVTDPRAD;FTNQIQAAFREPRLLVVTDPRAD;P08865;95.9;2129.5934;23;-0.61;1426.9779;3;82.89;12609159.0;1;ID39434;9517;False;SEC_POOL_3_fraction13.raw;P08865;dHex(2) Hex(5) HexNAc(4);Glycosylation;34.5;PEAKS DB
YYCIGQWEC;YYCIGQWEC;O09395;56.4;2389.7499;9;1.25;1316.4607;4;54.58;36872359.0;13;ID48588;8159;False;SEC_POOL_3_fraction9.raw;O09395;dHex Hex(4) HexNAc(3) NeuAc;Glycosylation;17.0;PEAKS PTM
DIPLVKNWYREHCPA;DIPLVKNWYREHCPA;Q6P2Q9;40.7;1346.3965;15;-2.36;1485.576;1;124.23;13775096.0;11;ID15464;2419;False;SEC_POOL_3_fraction6.raw;Q6P2Q9;dHex(2) Hex HexNAc(2) NeuAc;Glycosylation;26.6;PEAKS DB
